record_type,name,steps,h,max_abs_error,ratio_from_previous,mutual_difference,max_abs_delta_from_pristine,epsilon,max_abs_expected_rhs
LOCAL_CHECK,collision,,,,,,,9.99999999999999955e-7,7.09836897273630196e-2
LOCAL_CHECK_ERROR,collision,,,9.01623997684453116e-9,,,,9.99999999999999955e-7,7.09836897273630196e-2
LOCAL_CHECK,geometry,,,,,,,9.99999999999999955e-7,1.18685120927201612e-1
LOCAL_CHECK_ERROR,geometry,,,8.20411040491908494e-9,,,,9.99999999999999955e-7,1.18685120927201612e-1
LOCAL_CHECK,representation_geometry,,,,,,,9.99999999999999955e-7,1.18685120927201612e-1
LOCAL_CHECK_ERROR,representation_geometry,,,5.53073439824025570e-9,,,,9.99999999999999955e-7,1.18685120927201612e-1
LOCAL_CHECK,composed,,,,,,,9.99999999999999955e-7,1.30836780795074825e-1
LOCAL_CHECK_ERROR,composed,,,3.94674123244120878e-8,,,,9.99999999999999955e-7,1.30836780795074825e-1
CANDIDATE,collision_outer,1,1.60000000000000003e-1,7.06982481920581662e-5,,3.59010514007218617e-5,,,
CANDIDATE,geometry_outer,1,1.60000000000000003e-1,3.47971967913363045e-5,,3.59010514007218617e-5,,,
CANDIDATE,collision_outer,2,8.00000000000000017e-2,3.96636442823172786e-5,1.78244459053846027e0,1.96388876855801975e-5,,,
CANDIDATE,geometry_outer,2,8.00000000000000017e-2,2.00247565967370811e-5,1.73770885170241263e0,1.96388876855801975e-5,,,
CANDIDATE,collision_outer,4,4.00000000000000008e-2,2.16951186436942223e-5,1.82822896402300539e0,1.07991135983032116e-5,,,
CANDIDATE,geometry_outer,4,4.00000000000000008e-2,1.08960050453910107e-5,1.83780720670715136e0,1.07991135983032116e-5,,,
CANDIDATE,collision_outer,8,2.00000000000000004e-2,1.13137027206167140e-5,1.91759666834445630e0,5.64471216457640423e-6,,,
CANDIDATE,geometry_outer,8,2.00000000000000004e-2,5.66899055604030977e-6,1.92203619633504541e0,5.64471216457640423e-6,,,
CANDIDATE,collision_outer,16,1.00000000000000002e-2,5.77342897944976841e-6,1.95961581252445871e0,2.88367614420526053e-6,,,
CANDIDATE,geometry_outer,16,1.00000000000000002e-2,2.88975283524450788e-6,1.96175620520176586e0,2.88367614420526053e-6,,,
CANDIDATE,collision_outer,32,5.00000000000000010e-3,2.91586422768164155e-6,1.98000610749977635e0,1.45717208138718135e-6,,,
CANDIDATE,geometry_outer,32,5.00000000000000010e-3,1.45869214629446020e-6,1.98105737566723361e0,1.45717208138718135e-6,,,
CANDIDATE,collision_outer,64,2.50000000000000005e-3,1.46522022209660818e-6,1.99005185958277497e0,7.32420052718119052e-7,,,
CANDIDATE,geometry_outer,64,2.50000000000000005e-3,7.32800169378489130e-7,1.99057288364387652e0,7.32420052718119052e-7,,,
MUTANT,mutant_central_k_sign,4,4.00000000000000008e-2,4.66763921230499146e-2,2.15146977942969716e3,,4.66550235355329135e-2,,
MUTANT,mutant_stage_collapse,4,4.00000000000000008e-2,2.34375494572169885e-5,1.08031441736453515e0,,1.74258912466473959e-6,,
MUTANT,mutant_endpoint_reverse,4,4.00000000000000008e-2,2.23615038350555295e-5,1.03071590445323502e0,,6.66701504781208598e-7,,
