grid,candidate,status,count,min_weight,weight_sum,angular_moment_error,constant_error,profile_trace_error,minimum_transport_dot,screen_leakage,realizability,error
Lebedev26,nearest1,PASS,1,1.00000000000000000e0,1.00000000000000000e0,3.93897026327350186e-1,1.11022302462515654e-16,1.47609515716808914e-2,9.22422566325235449e-1,2.22044604925031308e-16,PASS,
Lebedev26,inverse_chord4,PASS,4,2.06806715356918330e-1,1.00000000000000000e0,1.58054353422780319e-1,1.11022302462515654e-16,2.98907668936800874e-2,8.14960349280714591e-1,5.55111512312578270e-17,PASS,
Lebedev26,tangent_triangle_max_support,PASS,3,1.00699779064712835e-1,1.00000000000000000e0,1.10339036855163469e-1,1.38777878078144568e-16,9.40519450603161111e-3,8.44472950777289344e-1,0.00000000000000000e0,PASS,
GL4x8,nearest1,PASS,1,1.00000000000000000e0,1.00000000000000000e0,1.51413864194596876e-1,1.11022302462515654e-16,3.50728965167130813e-2,9.88536920864830138e-1,1.11022302462515654e-16,PASS,
GL4x8,inverse_chord4,PASS,4,1.21059955946525813e-1,1.00000000000000000e0,6.71514835030553175e-2,1.11022302462515654e-16,3.09218438233127557e-3,8.23102730106566427e-1,2.77555756156289135e-17,PASS,
GL4x8,tangent_triangle_max_support,PASS,3,1.94558071616484890e-1,1.00000000000000000e0,6.64405414270556327e-2,1.11022302462515654e-16,5.66332852830542244e-3,8.23102730106566427e-1,2.22044604925031308e-16,PASS,
GL6x12,nearest1,PASS,1,1.00000000000000000e0,1.00000000000000000e0,5.05633627865646126e-2,1.11022302462515654e-16,1.63907076652363148e-2,9.98721673171857116e-1,2.22044604925031308e-16,PASS,
GL6x12,inverse_chord4,PASS,4,8.86710291242456261e-2,9.99999999999999778e-1,5.50219802574953287e-2,1.11022302462515654e-16,1.30189917204126537e-3,9.43256197625524040e-1,0.00000000000000000e0,PASS,
GL6x12,tangent_triangle_max_support,PASS,3,7.62932129276773507e-2,1.00000000000000000e0,1.15439053586077964e-2,1.11022302462515654e-16,9.83991507914838692e-4,8.97724444834882229e-1,2.22044604925031308e-16,PASS,
GL8x16,nearest1,PASS,1,1.00000000000000000e0,1.00000000000000000e0,1.23481138115824174e-1,2.22044604925031308e-16,8.93864502716401610e-3,9.92376204264810435e-1,2.77555756156289135e-17,PASS,
GL8x16,inverse_chord4,PASS,4,1.74757589976780647e-1,9.99999999999999889e-1,1.33744655458639949e-1,1.11022302462515654e-16,8.70985280602298850e-3,9.72324002715309721e-1,5.55111512312578270e-17,PASS,
GL8x16,tangent_triangle_max_support,PASS,3,1.49204095462594916e-1,1.00000000000000000e0,1.74859949795372338e-2,1.11022302462515654e-16,1.49048957287845063e-3,9.65758910801159276e-1,1.38777878078144568e-17,PASS,
GL6x12,legacy_lagrange_k6x6,REJECTED,36,-7.28567272358432300e-2,9.99999999999999778e-1,,,,,,FAIL,NegativeWeight(index=0 value=-1.530432538008325e-4)
GL8x16,legacy_lagrange_k6x6,REJECTED,36,-1.04378212495792169e-1,9.99999999999999556e-1,,,,,,FAIL,NegativeWeight(index=0 value=-4.588052985980694e-5)
