profile,policy,resolution,reference,error,state_error,direction_error,log_energy_error,screen_phase_error,roundtrip_state,roundtrip_direction,roundtrip_log_energy,roundtrip_screen_phase,max_screen_leakage,minimum_coherency_eigenvalue,internal_bisections
source_fixture,caller_inner_substeps,1,inner_16,6.68674116077738745e-10,6.68674116077738745e-10,3.18453319270162183e-10,5.87276699492988996e-10,2.76442292668210854e-10,1.86517468137026299e-14,1.60982338570647698e-15,5.55111512312578270e-17,1.04083408558608426e-16,2.22044604925031308e-16,1.45770454463711674e-1,NOT_EXPOSED
source_fixture,caller_inner_substeps,2,inner_16,1.65205737978624256e-10,1.65205737978624256e-10,7.86744558389784743e-11,1.45092382553002608e-10,6.82977285837438330e-11,1.60982338570647698e-14,1.05471187339389871e-15,5.55111512312578270e-17,3.46944695195361419e-17,2.22044604925031308e-16,1.45770454205882138e-1,NOT_EXPOSED
source_fixture,caller_inner_substeps,4,inner_16,3.93388099872993280e-11,3.93388099872993280e-11,1.87279636243431469e-11,3.45460327011437585e-11,1.62613325582761092e-11,8.65973959207622102e-15,3.88578058618804789e-16,2.77555756156289135e-17,2.42861286636752993e-16,2.22044604925031308e-16,1.45770454141424755e-1,NOT_EXPOSED
source_fixture,caller_inner_substeps,8,inner_16,7.86920528739187830e-12,7.86920528739187830e-12,3.74200670449909012e-12,6.90969503835958676e-12,3.25241222842720390e-12,2.47024622979097330e-15,3.66373598126301658e-15,5.27355936696949357e-16,4.57966997657877073e-16,2.22044604925031308e-16,1.45770454125309812e-1,NOT_EXPOSED
source_fixture,caller_inner_substeps,16,inner_16,0.00000000000000000e0,0.00000000000000000e0,0.00000000000000000e0,0.00000000000000000e0,0.00000000000000000e0,1.11022302462515654e-14,5.99520433297584532e-15,1.38777878078144568e-16,1.45716771982051796e-16,2.22044604925031308e-16,1.45770454121279813e-1,NOT_EXPOSED
curved_callback,endpoint_linear_inner_substeps,1,callback_8192,1.15200127153808896e-2,,,,,,,,,,,NOT_EXPOSED
curved_callback,endpoint_linear_inner_substeps,2,callback_8192,9.98606336789664706e-3,,,,,,,,,,,NOT_EXPOSED
curved_callback,endpoint_linear_inner_substeps,4,callback_8192,1.02112738085468058e-2,,,,,,,,,,,NOT_EXPOSED
curved_callback,endpoint_linear_inner_substeps,8,callback_8192,1.02672771612084546e-2,,,,,,,,,,,NOT_EXPOSED
curved_callback,endpoint_linear_inner_substeps,16,callback_8192,1.02812589116543229e-2,,,,,,,,,,,NOT_EXPOSED
curved_callback,source_panels_inner_1,1,callback_8192,1.15200127153808896e-2,,,,,,,,,,,NOT_EXPOSED
curved_callback,source_panels_inner_1,2,callback_8192,2.96748237645846902e-3,,,,,,,,,,,NOT_EXPOSED
curved_callback,source_panels_inner_1,4,callback_8192,7.46659513171765710e-4,,,,,,,,,,,NOT_EXPOSED
curved_callback,source_panels_inner_1,8,callback_8192,1.86953540688705733e-4,,,,,,,,,,,NOT_EXPOSED
curved_callback,source_panels_inner_1,16,callback_8192,4.67562821322708988e-5,,,,,,,,,,,NOT_EXPOSED
curved_callback,source_panels_inner_2,1,callback_8192,9.98606336789664706e-3,,,,,,,,,,,NOT_EXPOSED
curved_callback,source_panels_inner_2,2,callback_8192,2.50044655175196695e-3,,,,,,,,,,,NOT_EXPOSED
curved_callback,source_panels_inner_2,4,callback_8192,6.25597799912863684e-4,,,,,,,,,,,NOT_EXPOSED
curved_callback,source_panels_inner_2,8,callback_8192,1.56429183621603629e-4,,,,,,,,,,,NOT_EXPOSED
curved_callback,source_panels_inner_2,16,callback_8192,3.91091654097786012e-5,,,,,,,,,,,NOT_EXPOSED
