mu,m,weighted_l1_error,reported_bound,inventory_error
1.00000000000000007e-18,0,3.33333333333333341e-19,2.00000000000000014e-18,0.00000000000000000e0
1.00000000000000007e-18,1,0.00000000000000000e0,1.00000000000000011e-36,0.00000000000000000e0
1.00000000000000007e-18,8,0.00000000000000000e0,5.51146384479718251e-168,0.00000000000000000e0
1.00000000000000007e-18,64,0.00000000000000000e0,0.00000000000000000e0,0.00000000000000000e0
1.00000000000000007e-18,128,0.00000000000000000e0,0.00000000000000000e0,0.00000000000000000e0
1.00000000000000007e-18,1024,0.00000000000000000e0,0.00000000000000000e0,0.00000000000000000e0
9.99999999999999955e-7,0,6.66666222224486369e-7,1.99999900000033340e-6,0.00000000000000000e0
9.99999999999999955e-7,1,1.11066663536727052e-13,9.99999333333583142e-13,0.00000000000000000e0
9.99999999999999955e-7,8,5.29395592033937712e-23,5.51145888448196763e-60,0.00000000000000000e0
9.99999999999999955e-7,64,5.29395592033937712e-23,0.00000000000000000e0,0.00000000000000000e0
9.99999999999999955e-7,128,5.29395592033937712e-23,0.00000000000000000e0,0.00000000000000000e0
9.99999999999999955e-7,1024,5.29395592033937712e-23,0.00000000000000000e0,0.00000000000000000e0
1.00000000000000006e-1,0,6.24133404785262927e-2,1.90325163928080854e-1,0.00000000000000000e0
1.00000000000000006e-1,1,1.02838083083400811e-3,9.35768032088894058e-3,0.00000000000000000e0
1.00000000000000006e-1,8,3.46944695195361419e-18,5.03730567106022885e-15,0.00000000000000000e0
1.00000000000000006e-1,64,1.17961196366422882e-16,2.19749957381051901e-156,0.00000000000000000e0
1.00000000000000006e-1,128,1.17961196366422882e-16,0.00000000000000000e0,0.00000000000000000e0
1.00000000000000006e-1,1024,1.17961196366422882e-16,0.00000000000000000e0,0.00000000000000000e0
1.00000000000000000e0,0,3.68201430942136643e-1,1.26424111765711533e0,0.00000000000000000e0
1.00000000000000000e0,1,5.32122749435684217e-2,5.28482235314230664e-1,0.00000000000000000e0
1.00000000000000000e0,8,1.10668918473777467e-10,2.25040519593803603e-6,0.00000000000000000e0
1.00000000000000000e0,64,1.11022302462515654e-16,9.05804149535539965e-92,0.00000000000000000e0
1.00000000000000000e0,128,1.11022302462515654e-16,1.49052461585111037e-218,0.00000000000000000e0
1.00000000000000000e0,1024,1.11022302462515654e-16,0.00000000000000000e0,0.00000000000000000e0
1.60000000000000000e1,0,4.99999999728342859e-1,1.99999977492965053e0,0.00000000000000000e0
1.60000000000000000e1,1,1.66666591914873902e-1,1.99999617380405903e0,0.00000000000000000e0
1.60000000000000000e1,8,7.48810808627320412e-5,1.95602549290188210e0,6.66133814775093924e-16
1.60000000000000000e1,64,7.49400541621980665e-16,6.66363984621182893e-20,8.88178419700125232e-16
1.60000000000000000e1,128,7.49400541621980665e-16,1.10667408493192338e-69,8.88178419700125232e-16
1.60000000000000000e1,1024,7.49400541621980665e-16,0.00000000000000000e0,8.88178419700125232e-16
6.40000000000000000e1,0,5.00000000000000000e-1,2.00000000000000000e0,0.00000000000000000e0
6.40000000000000000e1,1,1.66666666666666574e-1,2.00000000000000000e0,0.00000000000000000e0
6.40000000000000000e1,8,7.62078951382638703e-5,2.00000000000000000e0,6.66133814775093924e-16
6.40000000000000000e1,64,1.88737914186276612e-15,9.33642183365268385e-1,1.77635683940025046e-15
6.40000000000000000e1,128,7.21644966006351751e-16,1.25333769849095788e-12,6.66133814775093924e-16
6.40000000000000000e1,1024,4.99600361081320443e-16,0.00000000000000000e0,4.44089209850062616e-16
