locator	task	visible_local_object_stores	github_commit_endpoint	public_branch_history	classification
3347547	5	unresolved (exit 128)	422 No commit found	not present	TRANSCRIPT_ONLY
eaf13af	6	unresolved (exit 128)	422 No commit found	not present	TRANSCRIPT_ONLY
4e1a3b6	6 fix	unresolved (exit 128)	422 No commit found	not present	TRANSCRIPT_ONLY
54fb3bf	7	unresolved (exit 128)	422 No commit found	not present	TRANSCRIPT_ONLY
29327f9	8	unresolved (exit 128)	422 No commit found	not present	TRANSCRIPT_ONLY
e993691	8 fix	unresolved (exit 128)	422 No commit found	not present	TRANSCRIPT_ONLY
6d786e1	9	unresolved (exit 128)	422 No commit found	not present	TRANSCRIPT_ONLY
c3d45f3	9 fix	unresolved (exit 128)	422 No commit found	not present	TRANSCRIPT_ONLY
d9e5ba7577ccb05b648b11ea7ac991bf6e09d8b9	bootstrap checkpoint	present only in the clone created during recovery	resolved	main and agent/longrun-checkpoints	DURABLE_VERIFIED
