panel,case,value,meaning
connection_sparsity,I,0,nonzero_connection_components
connection_sparsity,II,6,nonzero_connection_components
connection_sparsity,V,4,nonzero_connection_components
connection_sparsity,IX,6,nonzero_connection_components
connection_sparsity,VI_-1/9,10,nonzero_connection_components
parity_mutation,Correct O(3),0,mutation_detected_0_or_1
parity_mutation,Missing det(R),1,mutation_detected_0_or_1
index_permutation,Original permutation,1,failed_contract_tests
index_permutation,Corrected permutation,0,failed_contract_tests
