0.00000000000000000e+00	5.93562197315547615e-05	4.68601734722800776e-06	9.99975474528279173e-01	9.70083902438702350e-01	2.98612793820715143e-02
6.25000000000000000e+09	5.93561950819556340e-05	4.68601540120702329e-06	9.99975474528418173e-01	9.70083902433024003e-01	2.98612793879333080e-02
1.25000000000000000e+10	5.93561704323718344e-05	4.68601345518725008e-06	9.99975474528834729e-01	9.70083902415995070e-01	2.98612794055126696e-02
1.87500000000000000e+10	5.93561457828033356e-05	4.68601150916868390e-06	9.99975474529528507e-01	9.70083902387623986e-01	2.98612794348005646e-02
2.50000000000000000e+10	5.93561211332501647e-05	4.68600956315132897e-06	9.99975474530498842e-01	9.70083902347919413e-01	2.98612794757879656e-02
3.12500000000000000e+10	5.93560964837123081e-05	4.68600761713518191e-06	9.99975474531744957e-01	9.70083902296889788e-01	2.98612795284658554e-02
3.75000000000000000e+10	5.93560718341897659e-05	4.68600567112024441e-06	9.99975474533266517e-01	9.70083902234543771e-01	2.98612795928252309e-02
4.37500000000000000e+10	5.93560471846825449e-05	4.68600372510651648e-06	9.99975474535062747e-01	9.70083902160890132e-01	2.98612796688570922e-02
5.00000000000000000e+10	5.93560225351906449e-05	4.68600177909399811e-06	9.99975474537133313e-01	9.70083902075937199e-01	2.98612797565524467e-02
5.62500000000000000e+10	5.93559978857140594e-05	4.68599983308268845e-06	9.99975474539477438e-01	9.70083901979693741e-01	2.98612798559023118e-02
6.25000000000000000e+10	5.93559732362527814e-05	4.68599788707258751e-06	9.99975474542094789e-01	9.70083901872168197e-01	2.98612799668977122e-02
6.87500000000000000e+10	5.93559485868068313e-05	4.68599594106369698e-06	9.99975474544984588e-01	9.70083901753369005e-01	2.98612800895296827e-02
7.50000000000000000e+10	5.93559239373761955e-05	4.68599399505601517e-06	9.99975474548146392e-01	9.70083901623304934e-01	2.98612802237892619e-02
8.12500000000000000e+10	5.93558992879608742e-05	4.68599204904954292e-06	9.99975474551579535e-01	9.70083901481984312e-01	2.98612803696674985e-02
8.75000000000000000e+10	5.93558746385608739e-05	4.68599010304427939e-06	9.99975474555283461e-01	9.70083901329415799e-01	2.98612805271554586e-02
9.37500000000000000e+10	5.93558499891761948e-05	4.68598815704022542e-06	9.99975474559257727e-01	9.70083901165607942e-01	2.98612806962442016e-02
1.00000000000000000e+11	5.93558253398068165e-05	4.68598621103738016e-06	9.99975474563501776e-01	9.70083900990569181e-01	2.98612808769248041e-02
