path	type	mode	size_bytes	mtime_utc	link_target	sha256
.	directory	0755	0	2026-08-08T06:36:52Z	-	-
./PLAN-P-polarization.md	file	0644	5474	2026-08-07T18:42:37Z	-	7d142367ee8afe29f55f7267ef030654d044fc40764a092efda823b45e3bb6a8
./d_tilted_II.log	file	0644	118	2026-07-29T07:33:55Z	-	c35eceaffa96fc30cd73a845fdc4cf3c1ec34a40b27261e60008eb47de333114
./PLAN-H5d-boosted-quadrature.md	file	0600	6876	2026-07-30T14:24:38Z	-	11eadda7fa611ed1c3dd7f8d58f9c62e13b05002c9244db4d5e3c0c868ba3da4
./requirements.lock	file	0644	159	2026-07-29T02:31:34Z	-	dd4b40fe02c0747029aec886b65603375bcf93a77db4ca56f38ff392cf125080
./phenomena-dag.mermaid	file	0644	3460	2026-07-29T03:07:57Z	-	455951acba1c9cefe64f72b9cf31f1af16659e34d32e583edf68aca2376b7e33
./DEBT-CLEARANCE-v1.4.md	file	0644	3325	2026-07-29T07:56:36Z	-	043bd2c9790aae5f873f95b014f930f2ecb49db4f046a69fe84d75e755059448
./PLAN-H-boltzmann-hierarchy.md	file	0644	19612	2026-07-30T07:30:01Z	-	9883178e575afb3a12e6163de3fc5973dc5b479ae0c0c115c1984a681ee2dc83
./bootstrap.sh	file	0600	3279	2026-08-08T09:48:02Z	-	cfe5f89bf7baf83c3b55a1380ee0f191242e72607379ec96d81a227962885721
./REMAINING-DAG-v3.md	file	0644	4901	2026-07-30T02:17:44Z	-	5f0c0f4cbcb08b919763d7698087dca92da6c1a3e7120c6ca014e177ccc2ab0b
./PLAN-V2-collision-oracle.md	file	0644	20737	2026-07-31T16:52:40Z	-	560b45d86a83ad7939adf8aec441aac5a73e1ac3cb6d0ba03c4f144b8c58e162
./report	directory	0755	0	2026-08-08T09:00:46Z	-	-
./report/report.pdf	file	0644	481755	2026-08-08T09:48:05Z	-	ff2feca8d8bda7854dd759202babe2d8c4b298d8bb23d7da8eeffcc7a4c4160f
./report/report.log	file	0644	30398	2026-08-08T09:48:05Z	-	0f8b47dfad952b4622ea10a8566a272c32000ae97e7417352f916ae5d44ed1cd
./report/vals.json	file	0644	456	2026-08-08T06:46:46Z	-	e406a8621ebb3a3753dcd6c42ba14f223ba5d52b06e178f8a35b624f752d89b6
./report/report.out	file	0644	3208	2026-08-08T09:48:05Z	-	57df2e0af5e0d3ea368567ece7f0ab14776f4552f38db3d18c1cd36fd7dd64f8
./report/fig	directory	0755	0	2026-08-08T06:39:05Z	-	-
./report/fig/f4_stiff.pdf	file	0644	37389	2026-08-08T06:38:50Z	-	1a621e3d48b2cbe84d80bfb876d18e09dbcfd4a9337c37c429906d4d46e29828
./report/fig/f2_history.pdf	file	0644	38526	2026-08-08T06:38:22Z	-	1b1b179b1adfe4493933e6a8c00eebc26c7d663217f04163269202843b245afc
./report/fig/f7_p8.pdf	file	0644	31954	2026-08-08T06:39:04Z	-	0142d9654a63b667a6a120eca2d1d498ca4f22bde6d39e7139dbb588ed494a14
./report/fig/f8_modeb.pdf	file	0644	20275	2026-08-08T06:39:05Z	-	8678f22724444dee8cfd800041175cbb23ddf1fa3deb107c032c3e6e58faae34
./report/fig/f6_polmap.pdf	file	0644	79733	2026-08-08T06:46:45Z	-	11e605efedd362ae00a87fda46f6889fc741ac35cc68e9415146a5fe34dae00a
./report/fig/f1_rate.pdf	file	0644	40331	2026-08-08T06:38:21Z	-	3f1a23852cc76796fa519a2ae80a17eb359a3c9a7eda7311ee78173e9e85a806
./report/fig/f5_boost.pdf	file	0644	50096	2026-08-08T06:46:44Z	-	760017527631df2d76e60a09164a86e501b80ed392108f1d389ad40a346a4e83
./report/fig/f3_feedback.pdf	file	0644	36755	2026-08-08T06:38:49Z	-	291f4b49c3cbe28b0267bf68feeea0faf3c46a95186133a9c2b8b3db075ff819
./report/coverage.json	file	0644	7488	2026-08-08T09:00:46Z	-	2d64deb74ba4c6a9c3c468b78b5211a21320106d22058e74713b9969c7ae0450
./report/report.aux	file	0644	8480	2026-08-08T09:48:05Z	-	5e91d22812e6f8847ef0cdf7d6089b4e7a2c509dc98d3176258a394b314cae9e
./report/report.tex	file	0644	29273	2026-08-08T09:48:02Z	-	f02c147efda4085c61ce5a19b8fe2ebb23b0d3e3c2b6d972c17bb23910a763fd
./report/figs.json	file	0644	1118	2026-08-08T06:46:45Z	-	6a16a20a57e93694124f5e66262e356476620298bdfa33db16ad9f6cf6acaba5
./README.md	file	0644	4734	2026-07-29T02:36:21Z	-	e92160de69192642722df20194d52d41fd4b802e8deaf02c08824b46cab4c88e
./d_tilted_II.json	file	0644	2238	2026-08-08T09:19:52Z	-	43ca14014dc100b573fbe8d2541a195f34a0b144a17a31078f3f1e311617961f
./audit	directory	0755	0	2026-08-08T09:10:02Z	-	-
./audit/r4_bianchi_constraints.json	file	0644	2225	2026-07-29T07:43:08Z	-	81bb808fa97b10fa33383b5d353c349d6185ff5603aa03393007c2ed90a30567
./audit/p1_polarized_transport.py	file	0644	19533	2026-08-07T18:42:37Z	-	0b8fa4bc68e38975cbcab8ff2730e413e6e6c5c2ef29d4a5a24288d583d5f609
./audit/q2_characteristics_general.py	file	0644	12516	2026-08-06T12:46:54Z	-	7e91426413cf6fef54a9520f9d2543d36a08d2b1d26d2f616a83e6eaf962b26c
./audit/r5e_typeIX_D.json	file	0644	486	2026-07-29T07:43:31Z	-	749f2cb06dfb3683187443fbb760b70b1f9b45093f2915d851c99ebfb895e93d
./audit/r5d_tilt_closed.json	file	0644	299	2026-07-29T07:43:31Z	-	bb6c8660dfb3ea20e891b2c57b3797790ae32cee8d3ec368de416ac06a383bce
./audit/d_matter.py	file	0644	9815	2026-07-29T07:32:23Z	-	feb7ef9cb6d25d9e9130134ce7784204da2d41626d158722c8a76a5f6226b2ba
./audit/d_kinetic.json	file	0644	1004	2026-07-29T07:43:57Z	-	f0fb998a6c6a27f5c09d62a3d4733643ac8f470f84ca3b057e1d087524d40517
./audit/r5c_tilt_fit.json	file	0644	936	2026-07-29T07:43:30Z	-	f843cf402b540f8cce29e94e0b009c53fa77860b6ac3610835ab49da3488c732
./audit/h_hierarchy.py	file	0644	4423	2026-07-30T03:09:05Z	-	593c06e663afb112f17ee0b86e6839a39d7b9ceac9a413c57083c3dd49c70c8e
./audit/d2b_chart_amplification.py	file	0644	8855	2026-08-01T17:34:23Z	-	2a07203d1205ce04b8bd93547fef338b06888a7dec7f0d44398f1b0c261ed655
./audit/d3_mixed_precision.py	file	0644	3369	2026-08-03T10:03:03Z	-	278b7c72d036da0add08457090d20537520757d98a71ee8f1e9f1fa97581361b
./audit/l1_frame_parity.py	file	0644	2544	2026-07-31T17:28:37Z	-	707c5a72eeb295eaf075abb581b2f703a15b7843bc3903c9b881755e851ccd8d
./audit/k5_type_v_einstein.py	file	0644	10688	2026-08-01T14:30:49Z	-	071c3529d8abea567e57ace17cc658d44f7810ed6a4929aab9f739446bf4d8bd
./audit/h_hierarchy.json	file	0644	1558	2026-07-30T03:11:15Z	-	fc38fc13e30cae51b264c5ed56c25b6564d3088ace8dd4718ffda07af8292c93
./audit/__init__.py	file	0644	0	2026-08-04T13:21:47Z	-	e3b0c44298fc1c149afbf4c8996fb92427ae41e4649b934ca495991b7852b855
./audit/d1c_gauss_statistics.py	file	0644	3059	2026-08-03T07:06:34Z	-	f38f0dba43f5fba62fa0cb5d6dcb4b2e0c2091385291a0f9f537c70bb99ac59e
./audit/i2b_mixmaster_statistics.py	file	0644	4789	2026-08-05T15:41:43Z	-	1a7630c421a7b901973bc74a5bc1ecc5df2814e52a8c475be501aad269469175
./audit/d_tilted_II.py	file	0644	6103	2026-07-29T07:34:54Z	-	bf59d11803d3bc3e53caa18d3f782c7efc6a3d2c9cb6f52565dc4c181c02ff61
./audit/r1_jacobi_rotation.json	file	0644	465	2026-07-29T07:42:56Z	-	a563463da93e94e906f9bd9823926a6d97544b9ac0eb16b7cd30e32d5d427e70
./audit/p3_polarized_thomson.py	file	0644	8208	2026-08-07T18:42:37Z	-	eb5ba68a22c88f88026bdd27898e5b6e03abae901f7aa9a0982389f5d7436255
./audit/d_vorticity.json	file	0644	827	2026-07-29T07:31:25Z	-	7beda0bb0745f1a20ce6f3d1880911425cb2c61fe07da9803cd04090d2fdb468
./audit/d_tilted_II.json	file	0644	2238	2026-07-29T07:35:04Z	-	43ca14014dc100b573fbe8d2541a195f34a0b144a17a31078f3f1e311617961f
./audit/independent	directory	0755	0	2026-07-29T07:55:21Z	-	-
./audit/independent/common.py	file	0644	11899	2026-07-29T07:05:36Z	-	304539067dc502b8355ecebd4945b41769a7393cac21adf3a1655a013935f454
./audit/independent/partC.py	file	0644	2332	2026-07-29T07:05:36Z	-	5ad64627948d6914dd719f96a18717d6d0ea98c43cf9ce2aa9ae2d2c354ebdaa
./audit/independent/independent_manifest.json	file	0644	2496	2026-07-29T07:42:16Z	-	4c3c28e36653011b5df4e1de3f4b4e71fb932e4c8f76c4b2e97966be9463ce94
./audit/independent/partA.py	file	0644	2766	2026-07-29T07:05:36Z	-	3bb19125afa040865a4c48ba90279f3b46309cb9b9b5f59ff0f9ce4888df0b56
./audit/independent/partB.py	file	0644	3025	2026-07-29T07:05:36Z	-	3e625520aba03d4449e54b1b87637d05c8b50f7c74a3a83190d92138e56c9c88
./audit/independent/run_independent.py	file	0644	2848	2026-07-29T07:38:32Z	-	d3e18237366abc50bc54aa6e0a0b22b6b32110222a9e45519b53b12ecff4b141
./audit/independent/partD.py	file	0644	6915	2026-07-29T07:05:36Z	-	a7ef8e7b2343e951dbd1a8ee55e7ec8071bf2548d7f21fa2f6a1e210f65f287a
./audit/independent/run_all.sh	file	0755	211	2026-07-29T07:38:42Z	-	e2192baa34b78fb3cb3ed1f9bad55008dbdcd6282915876014667c3a04bf8958
./audit/independent/partE_rotated.py	file	0644	6125	2026-07-29T07:40:51Z	-	92c47db9ac9ef5b24da47709a2046663185f2e636dedca328a70aebc9e59cea7
./audit/core.py	file	0644	4977	2026-07-29T07:36:43Z	-	0affc76bf81609370f13b096dfb54468736b5c3296d3cd115a3a9fd7db6205bc
./audit/adjudicate_d19.json	file	0644	97	2026-07-29T06:24:50Z	-	d46061c4d4be2f00e6ab39ea39e66f2deea5df1d7cebd63ec3b4dd22cb120b07
./audit/r1_jacobi_rotation.py	file	0644	6712	2026-07-29T02:35:47Z	-	2aa5339fb3c3ef0d5809c9291788504c657403f33d2bc001eb299af1e20a5ed8
./audit/v2_monte_carlo.py	file	0644	6819	2026-07-31T16:47:04Z	-	39feea3f9225cbd77776a5316b0429644829267ad659e8047d05e38b9caf5f40
./audit/d_transport.json	file	0644	1341	2026-07-29T07:43:36Z	-	83edcb7a580941fe7282ad88c4ef851b96d78952c7c168b7e9b712872bb2fb58
./audit/k4_type_v.py	file	0644	3570	2026-08-01T12:46:24Z	-	4f2188152f32f5856eafe1bd62bfadd1e9ce8e5b656adc6d979b83c13e3a1fb0
./audit/v15_physics_audit.py	file	0644	9618	2026-08-03T11:44:23Z	-	759eb4310c41661b9c042e43f8ef0edd810521fb61e8cc2962d33ff4f661d41c
./audit/q_check_collision_exact.py	file	0644	2600	2026-08-06T12:10:14Z	-	b608a5c1c4eef55986e0de343c98d0252aae4d69f1d759e352378e1fe721d49a
./audit/p9_boost_screen.py	file	0644	6942	2026-08-08T09:13:09Z	-	8ab2545b535cf89a3cf2b3ae45d2d0a8e9df0d8a1e6695f979dd29dd60f8aed9
./audit/d2_constraint_propagation.py	file	0644	8909	2026-08-01T15:35:29Z	-	154dd6ae19f87ac08f9478b9e75124741d9d06efe1d2ce635a526afb6784cd8a
./audit/v2_probes	directory	0755	0	2026-07-31T14:18:17Z	-	-
./audit/v2_probes/probe_det.py	file	0644	2471	2026-07-31T14:18:17Z	-	e6fb3792eff55277d3614ca4478a7a824eb3b5d5e6a8dd48b5be05ee755ad79d
./audit/v2_probes/__init__.py	file	0644	0	2026-07-31T14:18:17Z	-	e3b0c44298fc1c149afbf4c8996fb92427ae41e4649b934ca495991b7852b855
./audit/v2_probes/probe_phase.py	file	0644	1568	2026-07-31T14:18:17Z	-	f8f2ea06adba17af0aadea6b27e7a21438462b075a178e8a3df460ca303c11ab
./audit/v2_probes/probe_mc.py	file	0644	3929	2026-07-31T14:18:17Z	-	a8ba13b25718687b5e02f0b7feece5336eadab620b4672b0d42e86eef63f1f89
./audit/v2_probes/probe_osc.py	file	0644	2609	2026-07-31T14:18:17Z	-	b399650d9204f226801f77be1e2b9f65698f37ba28ca3a26a0fe779bc7c5cbb3
./audit/v2_probes/probe_amp.py	file	0644	841	2026-07-31T14:18:17Z	-	1d23a670d67ab40c55e8bb1e5bc9faa3babfe24d41d90edb9e921b5f3719ce19
./audit/h5_tilted_conservation.py	file	0644	16684	2026-07-30T11:33:48Z	-	31045a09db11f6bbf4a9ec14d43b2ed5712dbf50735146bb9b636f75ed333797
./audit/d_vorticity.py	file	0644	8163	2026-07-29T07:31:12Z	-	5d4193400aa543a0b157d899ff2c4440450a8d698e99504a7bccc8f610716c19
./audit/manifest.json	file	0644	7547	2026-07-29T07:55:21Z	-	2d225998408d946d93c95e90d689fd9dbd241b2aa70e629d6b3d1550cd782c1c
./audit/r2_curvature.py	file	0644	2344	2026-07-29T02:35:47Z	-	fbbc30cb5b8f8008989ead95eea5805e66aa2a3e43127a18e257322e738a2395
./audit/d2c_matter_state.py	file	0644	7398	2026-08-02T08:41:09Z	-	7168d0fa6c6329f9016fc7eaf8f6946e5393368f7026110578cb59dab702e8a9
./audit/d_optical.json	file	0644	919	2026-07-29T07:00:11Z	-	efe3a50b6ba11c01674f9b501448601c15735c551fab1784bc2f6c3a4de08861
./audit/r4_bianchi_constraints.py	file	0644	2637	2026-07-29T02:35:47Z	-	7db98668b4e4678d5a3e8776321b2ac0c6525dc0bfb7898a3875fcbed3ff0d43
./audit/h5d_tilted_residual.py	file	0644	9359	2026-08-03T06:20:32Z	-	23ff56a64eaa393a6cd6e71c217cee25af9bcdb6f7f2f617f2c42dab87c3d9b3
./audit/d_transport.py	file	0644	10090	2026-07-29T06:25:25Z	-	f9cce334609a7e1250b9a00d1d29adb79aeda7d07e27c9d267cd79b279e3a4c3
./audit/k1_shear_source_normalization.py	file	0644	11684	2026-07-31T07:33:19Z	-	f41eeae99a9e24cde4b993a9cd72600a86ca986376fd8011fd6e9d58ae096d92
./audit/i2_mixmaster_matter.py	file	0644	3589	2026-08-05T12:46:40Z	-	910f4292d134e95115132bc40a581ac8a40571a24a08eccf8f616f3c0bba7fde
./audit/f2_exact_derivation.py	file	0644	8253	2026-08-03T21:58:31Z	-	8dfa669b03b02552e6a27a7f578e40587170535360336b9f1234608c80a046fa
./audit/i1_characteristics_derivation.py	file	0644	11518	2026-08-05T07:12:00Z	-	bc671a63cfaf4e597f16b1659a8bd4ceae874945b3e5a62acd6946bc1aba7c7d
./audit/r2_curvature.json	file	0644	631	2026-07-29T07:42:56Z	-	546bda349c1846e7bc4acbcec3d7e496dcc4d1795b6f23fc04a691aecceef073
./audit/r5c_tilt_fit.py	file	0644	6292	2026-07-29T02:35:47Z	-	88b63a966eebfe7d38a92937dc2711b5dbb306879df9e58c6e411c8289d88828
./audit/v2_collision_oracle.py	file	0644	3159	2026-07-31T13:46:12Z	-	bdeb0442fe0abe04d2e9314ffeb1d65738c259dba7d7941d88b0082e36b9333a
./audit/d_kinetic.py	file	0644	6065	2026-07-29T03:47:05Z	-	22a09b2824fce58ecff4539fd71b2ca112dcada89c07023a53230c22e397302c
./audit/d_optical.py	file	0644	11841	2026-07-29T06:33:20Z	-	c32e3aefaa6bd0764e8f089b609b663103ea7bb351f99770a6a738f12b00b27b
./audit/l2_ratio_closure.py	file	0644	2437	2026-08-01T03:01:41Z	-	6766c73125863d14394ad7587572874a9d159284490c4ced13726b1ad5ce9f60
./audit/run_all.py	file	0644	10957	2026-07-29T07:42:48Z	-	2ec17242da0742777768ca39dac663d445bc6a4ad684507eb2bb68033d116572
./audit/j1_coeff_derivation.py	file	0644	4141	2026-08-04T07:28:10Z	-	e831d1038559e359229ecbcd4ce765c7486ab42dbc5c95ab5f295413affc65f7
./audit/j2_operator_extensions.py	file	0644	3258	2026-08-04T08:24:08Z	-	64626b887fda620456a98a2041ee11fead3a5a8d645d7d5069d18b41999c4743
./audit/r5d_tilt_closed.py	file	0644	3861	2026-07-29T02:35:47Z	-	463642316e964ffe283e96c58d4be05c9489e7ac86fbfad933c4de795d3a8cfb
./audit/v1_high_l_signs.py	file	0644	3348	2026-08-03T10:53:46Z	-	6170c24058f76ea130136a66ea7d024d92ab0ecb329b1b7d309e4e8f363caceb
./audit/k5c_type_v_structure.py	file	0644	9950	2026-08-01T15:17:25Z	-	d29659a6b6b8e2adae7bf72b1b1874d491935b2d259c732f546192f74de5357e
./audit/r1_equations.txt	file	0644	4236	2026-07-29T07:42:56Z	-	f38f21e084520b4890757bd3c0a39be936daa83eec769218150b98e65c492ead
./audit/fit_einstein.py	file	0644	4940	2026-07-29T02:35:47Z	-	29478006d0df9f0c414aa2aaa9c87173826840dcbd9e3decf249474a0e9c16d3
./audit/v2b_collision_moving.py	file	0644	2319	2026-07-31T16:21:24Z	-	48e5c90c2db80af6965468b8acc4c534a5eca50da5599a60139a11559608e2b1
./audit/fit_einstein.json	file	0644	714	2026-07-29T07:43:02Z	-	73a86086ff136c739d701d443d1d303258fe3eee1f2e9d7ed290145f0aee6eac
./audit/r5e_typeIX_D.py	file	0644	3525	2026-07-29T02:35:47Z	-	f36c4f482e22b70a599d53869080e6f508911449a72c20b6d5a08a114878edf7
./audit/f2b_exact_derivation.py	file	0644	8981	2026-08-04T04:26:38Z	-	0a5576b717e23ceb0644fad992ef387664659d7718854c76ebea0cf149eb9ca6
./audit/h2_exchange_derivation.py	file	0644	2041	2026-08-04T17:03:52Z	-	f2a924632360c80a66bc548276fce32346e05c2603d81a7a42d263da89e3da8e
./audit/einstein_frame.py	file	0644	7801	2026-07-29T06:25:25Z	-	fd8e068269090e12c765218075839ecf496d28431f4731842ada89cfeece1898
./audit/d_matter.json	file	0644	1643	2026-07-29T07:44:21Z	-	e3b48f8440f6363c043e1787274e163758a9d935fa737cef370e88f6381ea697
./audit/f3_class_a_tilted_gauge.py	file	0644	2785	2026-08-03T23:55:00Z	-	a0b10f8a55f4d7bd2701228462e842e6ab171f97cd355a8d0ca4eea1beea20dc
./audit/einstein_frame.json	file	0644	136	2026-07-29T07:42:54Z	-	9462a5b6b8f8e3fcec9082f60313481e8f39e9710b2a5face87f2114579c98df
./audit/adjudicate_d19.py	file	0644	3240	2026-07-29T06:24:45Z	-	36f89028efa9c716c750c0a4db3ce5379d1d93bd91a2ee3df2ab1cd7d21aded8
./q-dag.mermaid	file	0644	1406	2026-08-06T12:11:02Z	-	21480b329080932b80ce282339a9b5da1051ea5634a2677770aca7187703e818
./report_v2.tex	file	0644	13898	2026-07-29T12:14:52Z	-	43332a2d0e0068bd546582b357e6c94d0a1606360e63f9868d2602246295fbd5
./PLAN-NEXT-v5.1.md	file	0644	8480	2026-08-03T18:53:37Z	-	5838b772a37fc27cc30bcb2a0b3d81f1a7e59122e09229383d0393150735d6e9
./STATE.md	file	0644	5131	2026-08-08T09:48:02Z	-	b08bdba149609cc833a1201bcc22bd78d552b79222900f9007812fb96d6a5f75
./PLAN-NEXT-v4.md	file	0644	9385	2026-08-01T13:32:51Z	-	e141f107c5c862ecafc10ff5e0dd3069f5e6dc643d164bda2b7cc58a96e119ef
./scripts	directory	0755	0	2026-08-08T09:09:40Z	-	-
./scripts/q17_convergence.py	file	0644	7843	2026-08-06T17:25:40Z	-	972430186d12fca3a5cad5b7cd2a592e06c07620536aa9b46f9dfbbf96bf5737
./scripts/codegen_coeff_tables.py	file	0644	3162	2026-08-04T15:25:20Z	-	5ac29ac1b203eb3ef7872d679db1b5767e246911216d25174a9713eb2441b4e2
./scripts/codegen_thermo_tables.py	file	0644	1951	2026-07-29T17:00:39Z	-	b41966b4560d63b453a223a9b909518e3694b5374082734cb37d41bbc6ac54d9
./scripts/coverage_matrix.py	file	0644	9048	2026-08-08T09:00:46Z	-	7463fb47c02bb2a9d89baf7d0e59d272839d9559a0bb3180b9db35a5336adcf2
./scripts/__init__.py	file	0644	0	2026-07-29T17:00:32Z	-	e3b0c44298fc1c149afbf4c8996fb92427ae41e4649b934ca495991b7852b855
./scripts/make_report_figs.py	file	0644	16336	2026-08-08T06:46:43Z	-	50c87d2432b30380776cdb25d7299997a21650bd34fbc4abc6f2689250aefd90
./scripts/demo.py	file	0644	6758	2026-07-28T18:41:14Z	-	8f542ef4864fa4274920282bba4ce702d15e7e9691db4d6ea7eeada5c1eced41
./scripts/codegen_pstf.py	file	0644	3222	2026-07-31T01:28:31Z	-	142de2693a5f9dffd790aa995bd54d03a35ee4f25858826e6b95eac0254efd4e
./scripts/codegen_riemann_rust.py	file	0644	3956	2026-07-29T16:32:03Z	-	4ea355d9e5940c31ebf7880b16e5db743d3b1677b7264da30667216e2d941506
./scripts/q18_ci.sh	file	0755	704	2026-08-06T13:35:07Z	-	4a6c8dcb8b12a3c7269f1a05fe9f60e39fa0f0203c254d22b1269185e8b23f0b
./PR-STATUS.md	file	0644	283272	2026-08-08T09:16:17Z	-	b82411269463f9059fd9bab95e4eef41fe5355b7c54d4e86b76dddf19764717d
./report_v2.pdf	file	0644	154894	2026-07-29T12:15:04Z	-	66d744d0070875f85ab785b9e021d0299be5f7e04ea9eb53a0d0a64da108652e
./bianchi	directory	0755	0	2026-08-08T09:00:46Z	-	-
./bianchi/generated	directory	0755	0	2026-07-29T09:16:01Z	-	-
./bianchi/generated/__init__.py	file	0644	0	2026-07-28T18:13:26Z	-	e3b0c44298fc1c149afbf4c8996fb92427ae41e4649b934ca495991b7852b855
./bianchi/generated/riemann_frame.pkl	file	0644	76934	2026-07-29T09:16:01Z	-	145636736ca4b66f237458b0f05aa64663ad4b7210c7de8dacd5f018395e2a8c
./bianchi/q	directory	0755	0	2026-08-08T09:00:47Z	-	-
./bianchi/q/modeb.py	file	0644	7819	2026-08-08T04:49:14Z	-	768f0c67fe81f6d99d7d9aa045813d5610837673189bad11a7e6d5f9d6d8117d
./bianchi/q/model.py	file	0644	8949	2026-08-08T09:02:15Z	-	b5a9edf887f0acf73404c7de35210c9f3444cb4aa44652b8045abfc91f3c5394
./bianchi/q/polarization.py	file	0644	15860	2026-08-08T09:12:18Z	-	44a2eb306d8870e70d6cb46c8f481bb30e58f64ffee4b9a055a0157a23e79e95
./bianchi/q/boost.py	file	0644	4726	2026-08-06T13:23:01Z	-	6aa005c91019bab93e27b2d6c0c6dd66c21895d6d6ad5821592ff10dae4ad8cf
./bianchi/q/contract.py	file	0644	30284	2026-08-08T09:01:32Z	-	abb2fd5ce81c8851e903c74a407c1ba0eed33a06ed6cc8e84f1f6e5f5dd6a1d1
./bianchi/q/stats.py	file	0644	2329	2026-08-06T13:32:17Z	-	c972f6e45005a2fc8baec71a73190c07ea6c313d76b22049cbef5dcafa472570
./bianchi/q/integrate.py	file	0644	4959	2026-08-08T05:45:04Z	-	70fde75a5e943255047164da22102705cdf8392445a1da6a49b89c034094bb97
./bianchi/q/transport.py	file	0644	2259	2026-08-06T13:03:42Z	-	22ef37b8a03b9270015e7cb9c837cfd3d5321bfae72f3f83da652bc58e5a8c8e
./bianchi/q/__init__.py	file	0644	420	2026-08-06T12:33:52Z	-	98a136cae043ec27f895e796e94f7bcb05a994ecfb35c86db7e46e244cd474f7
./bianchi/q/species.py	file	0644	3471	2026-08-06T13:30:23Z	-	ad93d83e05ebaacf416622dae16513f81a2e150b4d9569f2282c6b6c8274aae7
./bianchi/q/runtime.py	file	0644	6396	2026-08-06T13:31:31Z	-	92e28bc88dba441a313593bc9963cfab33b90ecbbeee8510de28e7f6fe56ca1d
./bianchi/q/sphere.py	file	0644	4214	2026-08-06T12:55:14Z	-	3bdd0adab9b527443ed2d08e2bb29d62fbd8a61ebddd5a270e48704bb662b66e
./bianchi/q/characteristics.py	file	0644	3587	2026-08-06T12:49:29Z	-	cf43a430b24b2fcd121b2f447e2ac3bba65f695783cfa07a223175bff938f91a
./bianchi/q/polstate.py	file	0644	13805	2026-08-08T06:32:32Z	-	3ebabbfe264a50dfe2fd0a2e39c279b201a6911a9711abd9f698f9ad53264da1
./bianchi/q/rate.py	file	0644	15998	2026-08-08T09:02:15Z	-	d61d32fa0dc66a60257423d95d0fa4c7c2647a6cd8ec0f8a3a7755fd805322c2
./bianchi/q/coupled.py	file	0644	8772	2026-08-08T05:45:04Z	-	8bb079475cb3c6fe617af9634a97ba40e47f59709a569c74c823c217d064327f
./bianchi/q/fast.py	file	0644	4557	2026-08-08T05:51:02Z	-	9d8ed05c6dd9427d47272fe40f8b6aca5e3ba9abd3f820c97fb4ab0f45305f70
./bianchi/q/comoving.py	file	0644	4825	2026-08-06T13:17:55Z	-	5cd415cc6643bec8461c8ed94b49722bd6b7ac7249f7a52e6f373b828df69e58
./bianchi/q/collide.py	file	0644	2482	2026-08-06T13:03:42Z	-	81ad7e980c7a8bbbcf01c34130b0f6b4c59840f5b1ce040bbd7bf44b307571d7
./bianchi/q/group.py	file	0644	2168	2026-08-06T12:42:50Z	-	9bd869f888cd708970a6ab37fabe80c07530441466932322ce3ce308d654f9ec
./bianchi/q/residual.py	file	0644	4418	2026-08-06T14:09:08Z	-	a9d678cc92b24e919f823300b6c6ef06190c8f57a877de639cdfaa17723d2250
./bianchi/rays	directory	0755	0	2026-08-08T09:11:34Z	-	-
./bianchi/rays/__init__.py	file	0644	0	2026-07-29T09:04:07Z	-	e3b0c44298fc1c149afbf4c8996fb92427ae41e4649b934ca495991b7852b855
./bianchi/rays/frame.py	file	0644	2444	2026-07-29T11:33:20Z	-	b5c362dafe5e25cb845a81f040052643499c5b6e27a66650a98fdd1cc426ef24
./bianchi/rays/_dispatch.py	file	0644	403	2026-07-29T17:29:06Z	-	2538937183a9e42d30dc73c0b247a01620f28f5804d5ba2479ca40850393be12
./bianchi/rays/geodesics.py	file	0644	4109	2026-07-29T09:09:05Z	-	499b9d457f717ac19c843a4eb8969ea4358004bbf2f0ef30465cd8ba5bb8b2f9
./bianchi/rays/generate_weyl.py	file	0644	2723	2026-07-29T09:15:44Z	-	e0429a979eec7b1fb42e720f2a86a378e7a8d38fb0649c132bfe49d25c1a74dd
./bianchi/rays/optical.py	file	0644	6714	2026-07-29T09:38:39Z	-	c6b83f73e0c65fe21c31291bdefdcc25c4c1ed6e497be85785075b5e137a1026
./bianchi/rays/weyl.py	file	0644	3705	2026-07-29T09:30:04Z	-	b26272c8395a55dc524c649f44861a3a79068c8dd301349c9a033630eeebd013
./bianchi/routing.py	file	0644	9650	2026-08-03T23:55:00Z	-	4c69b1db778fa37a0fcda47ce24c4db1c56c767d058c3bfb0ebfb06c127ad2ec
./bianchi/integrate.py	file	0644	6313	2026-07-28T18:41:14Z	-	2b7fc60847162a0ef2634233a23dca603ab12dd39392ea5d72bc0f1f0c9df55f
./bianchi/constraints.py	file	0644	6083	2026-08-02T08:29:15Z	-	03ccdda606c61ae2e261128dca89834c97639c4026175cfe83bdb1f558a1ab54
./bianchi/__init__.py	file	0644	660	2026-07-28T18:10:10Z	-	110f1e4281c07c84cdf28cf948119e43198db7a5cf3d4b094145d980365a39e5
./bianchi/symbolic	directory	0755	0	2026-08-08T09:12:50Z	-	-
./bianchi/symbolic/__init__.py	file	0644	58	2026-07-28T18:13:26Z	-	d0c9fd6a814874ad5691d917ad5b410f0b9277b045d7452200d32b307e459c68
./bianchi/symbolic/frame.py	file	0644	6882	2026-07-28T18:12:31Z	-	41c20312d4d8a1abbec6c5e4bc1877e5e511818d80ec81fc33d0d38dfbdddd57
./bianchi/symbolic/oracles.py	file	0644	5572	2026-07-28T18:13:12Z	-	f7fff5864c0f94c1afd2bcf52d56e0ccf9ecd9b1391beaca118d6e3289c56538
./bianchi/backend.py	file	0644	16123	2026-08-03T06:20:48Z	-	768820785d828dbaa0c1eae7c128d31beb88fb9589d2001843e003e8e7efc112
./bianchi/constraint_rates.py	file	0644	6201	2026-08-01T16:40:56Z	-	6e49399efe8505f963360569074d1c22e5c8d78df4043c08033571844ff7d1bf
./bianchi/batch.py	file	0644	9187	2026-07-29T12:10:34Z	-	a4c8edefe7611d63424db2cf3891ff1527b33c847f18eba45b932946a259d0e9
./bianchi/exact.py	file	0644	9984	2026-08-04T04:26:46Z	-	56141e6fb6cf5fa38fb0b35ff6f9c10cec430744a6a68246d4678c42e610169f
./bianchi/physical	directory	0755	0	2026-08-08T09:02:16Z	-	-
./bianchi/physical/initial.py	file	0644	3317	2026-07-29T09:54:23Z	-	cfeaa3f3257a058269d1c157be7b46d7d7852da1c6eee82a0c9488ec14b61fcd
./bianchi/physical/frame_transport.py	file	0644	3433	2026-07-29T09:00:47Z	-	ad445b45ed7ac79445fd3cc9291c02bec11613b7ab46860e00dd46bdea6264af
./bianchi/physical/units.py	file	0644	2402	2026-07-29T09:52:15Z	-	5b7d74aaa026158c72f0311c295947e9aa074cbf6f15e99b8bccc993d2ad923e
./bianchi/physical/__init__.py	file	0644	766	2026-07-29T08:59:43Z	-	602c7f5a8bf7e353304fccc6f03a296e1192f1bb5ff97d5de8d8f6ea5a5a3120
./bianchi/physical/congruence.py	file	0644	7646	2026-07-29T11:28:42Z	-	2a043b699946ef8f28fbafa31a582d270086cc93c8519e43408cc5803e7e1de3
./bianchi/physical/chart.py	file	0644	4344	2026-07-29T09:00:18Z	-	5c8d3c79ea238349517166bd5b98752ec7134d21f7e61ffbd31b4775e65db6f2
./bianchi/physical/_legacy.py	file	0644	3585	2026-07-28T18:29:04Z	-	ae1e4053065efef351d99766784be6b155ef09f469f637fe312086340fa18eee
./bianchi/thermo	directory	0755	0	2026-08-08T09:02:16Z	-	-
./bianchi/thermo/dof.py	file	0644	3117	2026-07-29T17:19:57Z	-	853e7d73544f5152521462ebbe3f785061d94a68c896916a30daadae842f93eb
./bianchi/thermo/history_api.py	file	0644	8033	2026-08-06T06:22:23Z	-	ed69ff41fe99bca60cffe904c06afebc9c96b4cadbe1fba4b0ebcf64420672e4
./bianchi/thermo/temperature.py	file	0644	2383	2026-07-29T09:53:42Z	-	98deb275757602d70d79529f0ee0881a506dfa395bbc775d1cae91df2f07a039
./bianchi/thermo/__init__.py	file	0644	0	2026-07-29T09:52:49Z	-	e3b0c44298fc1c149afbf4c8996fb92427ae41e4649b934ca495991b7852b855
./bianchi/thermo/relics.py	file	0644	8997	2026-07-29T17:09:37Z	-	9fb80067b81503d3523c4903d6dc416b37e0309db043215eee5231e2931be714
./bianchi/thermo/recombination.py	file	0644	12937	2026-07-30T02:00:25Z	-	9d3f8028308abf97bbb32460d6ed62fdb9d4a6131fca121fdd89123281200dbb
./bianchi/thresholds.py	file	0644	9318	2026-07-29T07:35:26Z	-	efd69be0a59e03390846a772c04ac781fcd31801b8994cba24aa72e68f6623d1
./bianchi/matter	directory	0755	0	2026-08-08T09:11:33Z	-	-
./bianchi/matter/grid_coupled.py	file	0644	5521	2026-08-06T05:58:36Z	-	911c3452d1d47fbbf13379e91e85b5a1d61a19dd956dda6e954be8fd50e3dc5c
./bianchi/matter/class_a_char.py	file	0644	2849	2026-08-05T07:12:56Z	-	43a5d5a5bbf407e58f6b902e314d37eba8acbf016cf8973b38768e6bc145f08f
./bianchi/matter/hierarchy.py	file	0644	24731	2026-08-03T06:19:52Z	-	cd2779e14b2d290a64a1e3fa3516df4c723204aac8299982470a616136e4a3c8
./bianchi/matter/type_v.py	file	0644	26075	2026-08-01T17:33:58Z	-	6cc8baac3757263a1d7091c8825d73f0a678dade30f4987efe4e887575bb73c5
./bianchi/matter/freestream.py	file	0644	4780	2026-07-29T10:04:06Z	-	b03aeed2cfcdaa5baf45fdab626941905674e2385bc06d1173a4b8c39ebf8bb4
./bianchi/matter/tilted_closure.py	file	0644	19598	2026-08-03T10:51:44Z	-	93882f211842d5469613d03fded670bb02360c43fe235e079693d4efe2c21fda
./bianchi/matter/type_v_constraints.py	file	0644	17247	2026-08-01T16:29:53Z	-	3fa23d4534626e7d81ca8c7cf07961d07202902f10879f2c9eac60b26eabab50
./bianchi/matter/hierarchy_coeff.py	file	0644	2561	2026-08-04T08:06:38Z	-	4867f953a6d76e9a8ae2e33c29d8e17473660bf1c15ca33c3860afc2fa0dba1f
./bianchi/matter/coupled_tilted.py	file	0644	10715	2026-08-05T15:34:43Z	-	e80bb60995a3bb38c9b12e50b3276ba8d1ba47b434975e2686576bdd276499bd
./bianchi/matter/__init__.py	file	0644	0	2026-07-28T18:25:58Z	-	e3b0c44298fc1c149afbf4c8996fb92427ae41e4649b934ca495991b7852b855
./bianchi/matter/species.py	file	0644	6670	2026-07-29T09:01:50Z	-	16a62720f6bfa3e7eeac7c3118c09550dbc23b732f56a78998f76974c88858f6
./bianchi/matter/collision_ladder.py	file	0644	9877	2026-08-05T14:33:54Z	-	40fc909d2b34963dac4a99140494a4630b19335905682015e19f8657a46d8045
./bianchi/matter/collision_stiffness.py	file	0644	13160	2026-08-01T18:01:43Z	-	6497192791b16613e30ec1476aeb275730920397eabbfe3e4f98a1c306539796
./bianchi/matter/tilted_coeff.py	file	0644	12550	2026-08-04T13:32:00Z	-	c35cb02ad0b856f1215627365f1cadcca19b9fc5bb26bf6429336ab736e2bf34
./bianchi/matter/fluid.py	file	0644	6267	2026-07-29T06:27:06Z	-	7ddf8cff7400d54fe1ea76d40d316df94712695b98c851a1c21099c73cbe2065
./bianchi/matter/tilted_frame.py	file	0644	8837	2026-07-31T10:19:02Z	-	9e54a1a08cbda919d4dce06e9e204d40d724314a84c3a4945c569393ef040e3f
./bianchi/matter/viscous_derived.py	file	0644	9494	2026-07-30T06:44:58Z	-	1d428b262e6fcf26beb9714bbffec706c86f68ec27fa69be3dc437960c1d96e8
./bianchi/matter/tilt_admissibility.py	file	0644	5173	2026-07-31T10:51:11Z	-	25bb4774a66e829970c7e685151d7329c15d42a2ca74a290b54a99854e227df8
./bianchi/matter/dark_energy.py	file	0644	2615	2026-07-29T11:10:21Z	-	0712bb555218e8e31d198f4633ec4dff717b7a5afc05ded691cba5e845c4d0b2
./bianchi/matter/type_v_coupled.py	file	0644	30828	2026-08-01T17:33:58Z	-	4416a8a6c1e2e58d55ecb896d546a058b03751aa5b3fa87ddf07c933ce22cc8d
./bianchi/matter/collision_oracle.py	file	0644	21212	2026-07-31T13:44:51Z	-	65e7f8d93f100f76cba002e6bff9e402feb5b6bc2f38c13c843b4125bc7ae225
./bianchi/matter/coupled_class_a.py	file	0644	5907	2026-08-05T07:17:31Z	-	e6da861b027c577d3e30641c3de8bb762d68e9067b418a57d93325a47901370c
./bianchi/matter/neutrino.py	file	0644	3226	2026-07-29T11:10:00Z	-	283a1034b8fc98514d1781e7252aca998858a5cb54d636d88ac8b4d67c5e27f0
./bianchi/matter/tilted_moments.py	file	0644	11964	2026-08-03T06:20:18Z	-	3aa9f4e66c891da181f29292b4fd3381e5a105d1fbca6f49ed4fa5ec3b352070
./bianchi/matter/collision.py	file	0644	10132	2026-07-31T16:18:35Z	-	455f75f39443afc68d12ea6366b00787e6b3e771371b60952ddd20a8892a4415
./bianchi/matter/tilted_equation.py	file	0644	4346	2026-07-31T04:58:49Z	-	c55097c4e722b25e6a3036aaebbfc6c4f80648a1ffd4991a4e2645c2fe1e2e19
./bianchi/matter/components.py	file	0644	7317	2026-07-29T06:27:06Z	-	0b783d6ef2d4c8329c1dfe0b5628503c5fbe37ac5abcc8cc2f68f8e22c878d0c
./bianchi/matter/frame_transform.py	file	0644	12993	2026-07-31T17:26:20Z	-	1f404d31941a3da5f0b10d7f9bd670f058109e3dab34467175b27af70272a136
./bianchi/matter/gaunt_tables.npz	file	0644	37443	2026-08-04T08:05:52Z	-	98157f921364548ddf7320ecec49c831f1c7f5cf27ca7db8488f083a79432107
./bianchi/matter/tilted_rust.py	file	0644	7700	2026-08-02T18:17:22Z	-	bcac13760a34c497a73139c1bcdddedf398baac2303b0235b132d7d9b2dd59c5
./bianchi/matter/tilted_mass.py	file	0644	10261	2026-08-01T19:18:36Z	-	fd1e8bb935af3d63d5b3aa1f25218d3a9d7f4c49623811ad32666d5745b5941d
./bianchi/matter/kinetic_einstein.py	file	0644	15122	2026-07-31T07:39:41Z	-	59f1c49539d35061d17490944ace63c48addce0e44e3d1a0f39f8f40b363d93b
./bianchi/matter/tilted.py	file	0644	15210	2026-07-30T12:24:45Z	-	fca598ade0102ed11576319f231313f468ab5337b0835c1845840ffa59f62897
./bianchi/matter/grid_boltzmann.py	file	0644	4207	2026-08-05T13:18:27Z	-	7eaaeee0bb3d55a459941b2d17af439da0bd414c2e50893230c8ba4b0f9a482e
./bianchi/matter/collision_moving.py	file	0644	18242	2026-07-31T16:19:51Z	-	2fde1df38b213c50056d343d1e5d8aa1b96caaae43b1d529b11ac2f62592d3a0
./bianchi/matter/exchange.py	file	0644	3950	2026-08-04T17:14:05Z	-	69d4f6121500e6d482a2aeb2208a4229bd98f399ecaf49c0a5fd547044896a81
./bianchi/matter/pstf_coeff.py	file	0644	17278	2026-08-04T08:22:27Z	-	b35eb8c3e627754020595a35845411a67e5f4666f5b8209807e10d454c0494d6
./bianchi/matter/tilted_integrate.py	file	0644	23039	2026-08-02T18:17:41Z	-	ea624491f1695ca1fa7722ff28c443380aa6bdcef226519428ef383ec35dc0e3
./bianchi/matter/hierarchy_nterm.py	file	0644	6794	2026-08-05T07:30:43Z	-	24a0fbb0c42f7f4a0a7dbf0f9145bbe7c3ec137e28e0ac611f5b70f5063f1ea9
./bianchi/matter/viscous.py	file	0644	2278	2026-07-29T11:19:12Z	-	2ac162f5620d5d664f46506944f1b171e69f69d49a966af5de1a1be0b76950af
./bianchi/matter/tilted_terms.py	file	0644	8205	2026-08-04T10:05:30Z	-	a405f45181d064c90b5f1ddd993c5f1214b94cdf26508f15a0a9d08c793f1fbc
./bianchi/matter/coeff_kernel.py	file	0644	4518	2026-08-04T15:34:17Z	-	c5a1b4a65ba3ff0246f2748ca83463aae41b4319e173c1c5c8ac5f224fcc9b2e
./bianchi/matter/gauge_field.py	file	0644	2872	2026-07-29T11:19:38Z	-	cf9c5deb7b0cb64ec17ac170b9e51b4c00a32ec73bbc70b7dbf160422b314058
./bianchi/conventions.py	file	0644	11432	2026-07-29T02:10:24Z	-	30ca5fb2f9de835f560be1b99fdec21ed300b79cd1b7eefa17d212616a641de2
./bianchi/algebra.py	file	0644	7880	2026-07-28T18:41:14Z	-	4f8d965f7eb611654c893654ac8cb7d60e83f1a4971a8f3c0b3478dc3c6b74e2
./bianchi/observables	directory	0755	0	2026-08-08T09:11:34Z	-	-
./bianchi/observables/cmb_pattern.py	file	0644	4835	2026-08-01T19:43:57Z	-	8b2405a923560c0b2a858349866af10a0d849eeac818ad3be3188679584b260b
./bianchi/observables/__init__.py	file	0644	0	2026-07-29T09:54:33Z	-	e3b0c44298fc1c149afbf4c8996fb92427ae41e4649b934ca495991b7852b855
./bianchi/observables/sn.py	file	0644	6352	2026-07-29T11:49:14Z	-	5a5a77e62422f4cb047439b6c3cc43082b5ebfb29344c77eb5dfb4622cd0f582
./bianchi/observables/distances.py	file	0644	10680	2026-07-29T16:51:25Z	-	741ba0cd8c39807a7c1af5bb4f11a728e99f3e5067d38e879a3ebdb7610466b1
./bianchi/analysis	directory	0755	0	2026-08-08T09:11:33Z	-	-
./bianchi/analysis/__init__.py	file	0644	0	2026-07-28T18:30:57Z	-	e3b0c44298fc1c149afbf4c8996fb92427ae41e4649b934ca495991b7852b855
./bianchi/analysis/gauss_map.py	file	0644	13232	2026-08-03T10:02:05Z	-	30676c7e070c24c7d2292da3e8d577c3d003a346c953ad226266f0bc0e61aaf4
./bianchi/analysis/mixmaster.py	file	0644	14382	2026-08-03T09:58:58Z	-	dda3d3e37b35d724315075ea085a1a7efb6d517a758ed6dffd937dc56c942999
./bianchi/analysis/dynamics.py	file	0644	6684	2026-08-01T19:34:26Z	-	cdcd4c30dd9c39a59a43fe898f1c0209e44be704fc899c5cdd8ee3d90f5eef10
./bianchi/analysis/precision.py	file	0644	9355	2026-08-03T10:00:05Z	-	cf03eac62c1d6b5d9c7b1bc77f8462de3bfd81ea9f71431a53021455ef0c96f6
./bianchi/analysis/no_hair.py	file	0644	7988	2026-07-29T11:26:45Z	-	ceac1c418f17d28d247dad3c33f6aee346196a2c8a7ea4169a151fd559f38b2d
./bianchi/analysis/kasner.py	file	0644	14566	2026-08-02T06:26:38Z	-	db183517211ba9bfb819576c4cc189f79239326a8b96a77ff17e5178e3be4308
./bianchi/charts	directory	0755	0	2026-08-08T09:11:33Z	-	-
./bianchi/charts/base.py	file	0644	904	2026-07-28T18:15:15Z	-	e854cc095434b85589f1708345c68880ee5e7e8314047791d5b295f34c89c6e5
./bianchi/charts/type_ix_d.py	file	0644	5650	2026-07-29T06:27:06Z	-	77cd524cbfde04d020843ace9f6e140a7b659f53dbadbe945eaf661a1bf11dcb
./bianchi/charts/__init__.py	file	0644	0	2026-07-28T18:13:26Z	-	e3b0c44298fc1c149afbf4c8996fb92427ae41e4649b934ca495991b7852b855
./bianchi/charts/general.py	file	0644	6670	2026-07-29T06:27:06Z	-	89f502c6d35fbba490a5bcc341463c44cb705f9788e66b38024d8c217184713c
./bianchi/charts/class_a.py	file	0644	4354	2026-07-28T18:41:14Z	-	bfe18d8978e92aae1de6d3a122eded61ffd3c02988a55dc7e160ec9de214b1df
./bianchi/charts/general_matter.py	file	0644	7459	2026-08-02T08:27:24Z	-	31c6f4826a7053e75206c252c7dec08ec10767b9222f2bb7e829d642989f9f23
./bianchi/charts/class_a_tilted_multi.py	file	0644	9985	2026-08-04T17:02:46Z	-	c43eeae591e497b345c613f606b4d24dca15b66d705aa19e3914d4d5073b1e9c
./bianchi/charts/exceptional.py	file	0644	4303	2026-07-28T18:16:49Z	-	87a6d7d817dff800b05b1ec735bcb05231d506edb49707872770bd380bf89343
./bianchi/charts/class_b_tilted.py	file	0644	7657	2026-08-03T11:44:23Z	-	8eed00dabadfe8002b0c8d5374edc3fb6a3d802fa5e75050f10e0009cbfd0750
./bianchi/charts/class_b.py	file	0644	6166	2026-07-29T06:27:06Z	-	46664d242d40a0722c14253d154836a9fab5db93e8c8be946b265b2754ce03b7
./bianchi/charts/class_a_tilted.py	file	0644	10540	2026-08-03T23:51:27Z	-	3366c27324e1c77b50b34d1af848cb86ce7c22479d3580e55e61b727619515d5
./q-dag.png	file	0644	41631	2026-08-06T12:11:43Z	-	793749604eb5e022ba7df81a01a41abd1a5d8a8b3ceb5cf5d4b059d2e82c5c33
./.ruff_cache	directory	0755	0	2026-08-04T09:54:07Z	-	-
./.ruff_cache/CACHEDIR.TAG	file	0644	43	2026-08-04T09:54:07Z	-	5953156d7e0c564a427251316eaf26f8870e6483ae2197f916b630e4f93e31ae
./.ruff_cache/0.15.11	directory	0755	0	2026-08-04T09:54:07Z	-	-
./.ruff_cache/.gitignore	file	0644	35	2026-08-04T09:54:07Z	-	9e3a60f1e6ec4ae60215c11d54b171392745ec25e9dded433d5bd921363af316
./LITERATURE-moment-closure.md	file	0644	7509	2026-07-31T06:59:41Z	-	8c96c39919c1cd8bcd25740d6d6b632230a0a17ab4d3c31fa6982143cf2b063b
./AUDIT-REPORT-v1.3.md	file	0644	7637	2026-07-29T07:05:36Z	-	714aa8ddc0da47a34e69d8b03458c4dd7f6f8554e40a2150333b1c6686d2606e
./tests	directory	0755	0	2026-08-08T09:02:58Z	-	-
./tests/test_q19_history_wiring.py	file	0644	18016	2026-08-08T09:10:01Z	-	9f7f571e486f7ea084e38fa64c274873a1755f726af02e916fa89b0ae48ec8dd
./tests/test_h4_viscous_derived.py	file	0644	6243	2026-07-30T06:45:51Z	-	4613c9083efc28952e815b5e2ba0d55a6bdbb8bd7c6e32b3a0665cdbaae95559
./tests/test_q4_radial.py	file	0644	3607	2026-08-06T13:05:46Z	-	6b64a0d0123ff26405a2f2d94e677fe21ffea9b52b2d4e228813a0638c222946
./tests/test_m11_cmb.py	file	0644	1825	2026-07-29T10:01:33Z	-	ca7a710334011ae5f83f62e63ed870bb2111ff86e90b3c4793b2320bd61870b4
./tests/test_p8_polstate.py	file	0644	8934	2026-08-08T06:34:07Z	-	90c8a7cb609ef1c43e593b2f3427f533331a2836576e6371e9ed050e11fcb6bc
./tests/test_m9_thermo.py	file	0644	4857	2026-07-29T17:20:17Z	-	1a19135eaaa95c23d77cc7a8a8a01b008f159501aba27c05a2ec5fb8eb7784de
./tests/test_k4_type_v.py	file	0644	5137	2026-08-01T08:58:47Z	-	c8a139bdb6e9f6ff19aa33f5c14b2efe6ace19567207d9c629e4308b8c9c338b
./tests/test_i1_plan_derivations.py	file	0644	932	2026-08-05T07:12:13Z	-	7d5478889a90ff4cd71963dc3e69562f5883af0568ed4ea35bae86d5b5e712ab
./tests/test_m0.py	file	0644	9830	2026-07-29T02:20:43Z	-	0ec68edf505eaaad39a0e1456b13a8a1525848b83c8bef6c1cdceb86b157841d
./tests/test_q_modeb.py	file	0644	6285	2026-08-06T16:54:24Z	-	f0d618eb9cff8ed782a778c59230d9eb79027e3fd74c4f0e6eee260b469c0bba
./tests/test_m9_recomb.py	file	0644	6123	2026-07-30T02:00:25Z	-	6bbd7a7fc2519c7654dc914c924165aec680c0ac0183e959d08b06171e9980bf
./tests/test_q3_sphere.py	file	0644	4891	2026-08-06T12:55:55Z	-	a27f6f9068eea6777b46fb5519ca696c7b9e48bc5d6b1936f0fc5e27d9393a26
./tests/test_l3_massive_closure.py	file	0644	11982	2026-08-01T19:31:28Z	-	872ca87a96b965c76e4feeafa8d84ab7c845fa5c73b01d7d3a4702e8c51d1a00
./tests/test_b2b_history_api.py	file	0644	3415	2026-08-06T06:23:27Z	-	1cdcbc58a654f51f0d3fb95ae221b5fc314970b10b564c240a90c6c547d5f09c
./tests/test_h1_hierarchy.py	file	0644	13224	2026-07-30T03:29:09Z	-	c0f74b3601b003a0d28dbf46ddf8210df0a485005a93b6d6b79b8adf2a1c8f0e
./tests/test_m2_m3.py	file	0644	13963	2026-07-29T06:29:08Z	-	bb78ea4cc809bbee19d3d397fd0c026b04d03393a134966e91b61c7a263b3e71
./tests/test_v16_adversarial.py	file	0644	7743	2026-08-03T16:08:52Z	-	7f9d32adf6b79783823aba468a1941d6562b994204684773a832b85667e8bc8d
./tests/test_h5d_residual.py	file	0644	8231	2026-07-30T14:38:46Z	-	eb988408e9c9e7f30e686a0a0123239e012eec0bb62a2490d07a93ae2f66d8c8
./tests/test_p_polarization.py	file	0644	12388	2026-08-07T18:49:26Z	-	2236972b69661d5eb615622cc7a14f723bc4c8e88fccafabf62904e7e531ea14
./tests/test_k4c_type_v_tilted.py	file	0644	6882	2026-08-01T13:41:07Z	-	01386020350355fa26bc2f5a1fc13255af3ec5d1f22b70ace7aa3033a0cd80a2
./tests/golden	directory	0755	0	2026-08-06T14:30:06Z	-	-
./tests/golden/q18_pre_q5b.json	file	0644	2411	2026-08-06T13:35:10Z	-	1eafb13641ede27a86d30339ac5e5e718f2efa08bfde37c54f3923723068012d
./tests/golden/q18.json	file	0644	2412	2026-08-06T14:30:06Z	-	9572ec27b08addd505b4677db46c9f75c7bc445c59980be0b35373b2eb014d78
./tests/test_m8_physical.py	file	0644	7019	2026-07-29T09:02:37Z	-	f281e903286c1270dcc3a62838ed501a6b7af21564a7b3990c41b3a34e7d7171
./tests/test_g1b_rust_grid.py	file	0644	4412	2026-08-05T14:35:14Z	-	fe8dc3978314bdaf2c9bdc9b10d72619d10e2660bac963df47c5bd55ae051b67
./tests/test_coverage_matrix.py	file	0644	2102	2026-08-08T09:00:46Z	-	aa990f1ba674cdb25fe50bcc8fec1662e7d1feec715e81b9de7c1136897570fd
./tests/test_f2b_exact_ix_exceptional.py	file	0644	12857	2026-08-04T04:27:43Z	-	6ba7473efba2faf8277fd13b5f4b462ea65a5f43719f13aa898ad529c8d8ba58
./tests/test_g1_grid_boltzmann.py	file	0644	4599	2026-08-05T13:19:16Z	-	dea1ffad252a6e06733f0651e15faf84a08eeedea85deb13c5f6e931ddde24b7
./tests/test_m10_freestream.py	file	0644	2424	2026-07-29T10:04:32Z	-	b89fd4bc0af9248a8df0a51c922bfe9a93f8593fab7f4fae1eb7c15a65802d86
./tests/test_r4_mixmaster_rust.py	file	0644	7433	2026-08-02T14:58:38Z	-	6b8bafa74902ce48fda010ff112cf266b754dc010c63dafd4a6f437abdbe3ad8
./tests/test_r5c_quadrature_routing.py	file	0644	11316	2026-08-03T06:32:57Z	-	60b3583233e9a5b5a62b431964190e2dcb0c2681901b9f09b89f1e7fd87c6e1a
./tests/test_h5e3_tilted_integrate.py	file	0644	9625	2026-07-31T11:50:49Z	-	55358e23fc3b67751dd753f3b26ae2596c4681dabb4804b5d4a428995d2e6d00
./tests/test_c2_chart_coverage.py	file	0644	10131	2026-08-03T11:45:38Z	-	152328b409d668327db098656af25c80a265100604ebb9ccd82853093f99631b
./tests/test_q20_lanes.py	file	0644	4283	2026-08-08T09:02:58Z	-	5c5b1378352104783f095b3dc740797b1496a05573369831a9e77b4c3e698233
./tests/test_h5_tilted_signs.py	file	0644	7377	2026-07-30T11:43:15Z	-	e787c4617fbb2da2c6ea83cf5f95c3a3002fe7af336dc018102902df610733a9
./tests/test_k5c_type_v_structure.py	file	0644	8258	2026-08-01T15:22:03Z	-	f9ae4a8a4524c9dea718ffa62224a09109b92e5efbf506f46f012a2bdac42dcf
./tests/test_r5b_tilted_hier_rust.py	file	0644	13407	2026-08-02T18:28:06Z	-	6e92ec818d007bb68e818c8f051710abbcf3b7806611592ff43610862305ec62
./tests/test_f2_exact_solutions.py	file	0644	9250	2026-08-04T04:25:44Z	-	8d84aff682113c6a337a3aaa2d48381668ede02a418ee19f1c19d5df5bb27da2
./tests/test_v2ef_stiffness_mc.py	file	0644	8165	2026-07-31T16:50:22Z	-	f6a6f75ef9a6c02c258b71412499f049a8bb0a1315de98eca1d1805c9fd6f8c3
./tests/test_v14_debts.py	file	0644	7034	2026-07-29T07:43:40Z	-	244adfcc6730767f5cd27f3fd95ed8dea6d3e800dc4c524ff59a9fd01a969aa5
./tests/test_pr01_scaffold.py	file	0644	268	2026-07-28T18:13:26Z	-	855d8f1e58fd95ddbaa327abea96ef4919f593b819dbf81a555a65358a861615
./tests/test_d3_mixed_precision.py	file	0644	8770	2026-08-03T10:04:58Z	-	f1086951e0b1b13c7a735fcfa006af88e98e8382890e6afd586ab0e5b06531b7
./tests/test_i1b_hierarchy_nterm.py	file	0644	5197	2026-08-05T07:32:12Z	-	8953c4a1f447c6f0ea4b3aa97dcc51c6636ce310ac86b7840f8724190d836875
./tests/test_h5e2_tilted_mass.py	file	0644	9441	2026-07-31T04:26:18Z	-	8c3b0c5f0c28badd0ae9beff73b098c11c72e89f55f2cc01e8b93744e2d4edad
./tests/test_f3_class_a_tilted.py	file	0644	10398	2026-08-03T23:55:12Z	-	0054a15c7a21df557fe9e1ad3493cbd629c6c88736c7cc4d0d3f564c754e37a6
./tests/test_k1_kinetic_einstein.py	file	0644	9547	2026-07-31T07:41:23Z	-	6958cfc01cee13ac9e2a478a9f3cb628eacbb3ac987e409ef69d171a39a64785
./tests/test_q17_convergence.py	file	0644	2575	2026-08-06T17:26:32Z	-	32a9d14269d7ac26e9f56b6d0730ae65346641cb16cf8a87119217dce9c3814b
./tests/test_l1_frame_transform.py	file	0644	8722	2026-07-31T17:27:27Z	-	5f53af1e10a700573cb66dd3f8b54b2a6de36906e38f7328bde2980510f9d058
./tests/test_rotation_sign.py	file	0644	15822	2026-07-29T06:29:08Z	-	d967d569621e91f3d3113ee0ec133e966cb15052f58a7be1b263d0998e8ef39e
./tests/test_q7b_modeb.py	file	0644	6547	2026-08-06T16:54:24Z	-	9e6573a177473e0a43c45dce368ee460ec2ac90c15113a33472fa76406ffa3e7
./tests/test_rustcore_differential.py	file	0644	40891	2026-08-03T06:20:48Z	-	abcbdcb7accd56a98d05f005d1a0d5ff1d108ec06ee3e9f147fb04fbb7112d61
./tests/test_k5_type_v_einstein.py	file	0644	5289	2026-08-01T13:29:56Z	-	8f7309f7b088a8bc656dd768959a9080188088ceef73eb7e1b322d939b6c99dd
./tests/test_flrw_limit.py	file	0644	7277	2026-07-29T16:52:22Z	-	2b974394cf1e6f7d5e2b0bf383328fbed56269503b7968e6600372ed77d8b0f8
./tests/test_v1_high_l_signs.py	file	0644	4353	2026-08-03T10:56:21Z	-	fee81861cf2b4ac70b782208f90e0c2c2a098ebc47a0d5415edb28c72c30ac6f
./tests/test_h2_momentum_exchange.py	file	0644	6447	2026-08-04T17:06:45Z	-	d04059b1f66c97f50ec08f661120327bf5509b4216814cbd5c16b00370d9b105
./tests/test_h1_multi_tilt.py	file	0644	7723	2026-08-04T16:30:01Z	-	ec2e8da9da449018cf14e80ce4dafcd7fe94ce88b6fb3f11d5063f51b8eb8ec5
./tests/test_j3_coeff_kernel.py	file	0644	5937	2026-08-04T15:44:04Z	-	894b807f19b9ac1b2aa7c349e64f5571d21db61941a122ae379543f5fa83e5fa
./tests/test_j2b_tilted_coeff.py	file	0644	6167	2026-08-04T10:05:30Z	-	93546ec09d63b40632d3b6984b9e9bd68c12c085d466e9c72dd0955629afc7d6
./tests/test_i2b_mixmaster_statistics.py	file	0644	3243	2026-08-05T15:41:43Z	-	9e6300ee9932af4ba3541a2ea5aada800fe31907afdee0e798007a6246a34075
./tests/test_r1r2_typev_rust.py	file	0644	7819	2026-08-01T17:36:26Z	-	0c0264171f45a0609fac623bedce8b1d8edefb37b1704aa686a9017a269ec824
./tests/test_d2_constraint_propagation.py	file	0644	9793	2026-08-01T15:41:55Z	-	84edc4ccf2d845cdbd87b01a15f916d2ecb694134caef0298e13f3860c0f45a6
./tests/test_q9_q16_runtime.py	file	0644	12436	2026-08-08T09:47:40Z	-	55d5bf39924bc3db8152e2ca3f3600f5d79a41c121724754dd72ab01863137fe
./tests/test_h3_collision.py	file	0644	6771	2026-07-30T07:01:35Z	-	b550a29c3572e32780ff454421459942d1d141e0ea35a082091772a8cd652bde
./tests/test_d2b_chart_amplification.py	file	0644	7580	2026-08-01T17:34:23Z	-	95660a3b694e9d83775a2de680d92f0151bc73f21f3a1a9d57de49941d37915e
./tests/test_m11_rays.py	file	0644	7326	2026-07-29T09:39:07Z	-	a5d0d80f74e0bc472d3592d96333abd86ac447fc3a656407efd6a90c999e9475
./tests/test_pr51_batch_cost.py	file	0644	1568	2026-07-29T12:10:48Z	-	9fc966f411259ef933304a57ddbeea8a0dab44eb2af94d7dc45a6d0326f7d529
./tests/test_j2c_closed_geo.py	file	0644	5052	2026-08-04T13:33:04Z	-	34984b1c4ced4abdf539127d5b89e838abaa0dcd14f4d8b3e6611cbb039f360b
./tests/test_m1.py	file	0644	14751	2026-08-01T19:47:00Z	-	928698a0968fd4216826cd4c366d489e4a0799081466727191e5b9046867118e
./tests/test_q0_contract.py	file	0644	3129	2026-08-06T17:27:04Z	-	3ecd6c14e2be99314f3cf82c5511746712e7ab876a60796979c359598d1a246f
./tests/test_v13_audit.py	file	0644	5910	2026-07-29T06:30:52Z	-	d2e91171899167f00ddb95e0e0a3346baf0bd1879dd369776d230c60503c79fd
./tests/test_m9_relics.py	file	0644	4990	2026-07-29T17:09:57Z	-	df4fa396965a06fb02b02ba175a5cc2cb4bece56e00e8c2ef87df78a531af004
./tests/test_f1_type_routing.py	file	0644	6141	2026-08-03T23:33:33Z	-	01b86071027b052e791828681ad1e47aaf8fce73341cc0ce4a08d5d2c1b5b4a6
./tests/test_d2c_matter_state.py	file	0644	7150	2026-08-02T08:37:05Z	-	a8a3a1e75cfe6af0aaaee5ffab20c1d632f4658df76b7aa1183e48792e353d2a
./tests/test_q5_transport.py	file	0644	6992	2026-08-06T13:17:55Z	-	f0850dae67daea420670716120d0b208c24bc0de7e8efbf0a039530a965227eb
./tests/test_m11_distances_sn.py	file	0644	4717	2026-07-29T11:49:57Z	-	0b2cdb015e324e305e46a70bc93af5dd42ed39a6a7224bc49d6ef37f562f8b0f
./tests/test_i3_rust_coupled.py	file	0644	3495	2026-08-05T15:42:04Z	-	a56c123b68e300dd035ed2de823c7ee1f4bfb44ecf099ccfa6b4bee8fb52db1b
./tests/test_j2_hierarchy_coeff.py	file	0644	9556	2026-08-04T08:23:00Z	-	4e5f7946051946763d09ec4e143f060fcc6ca736f0b18d0b9cc2623ddcff5030
./tests/test_g2_collision_ladder.py	file	0644	6465	2026-08-05T13:55:59Z	-	19da84439597cc71820cb4dc7c4c3df186fe817924f39ec934110c976dfe46ae
./tests/test_l2_ratio_closure.py	file	0644	9110	2026-08-01T02:59:24Z	-	b7cb09ee3ca0e89a044766c035823df7e9b057c626d430c1690f19c986b0f69e
./tests/test_h5d_tilted_moments.py	file	0644	7430	2026-07-30T14:28:23Z	-	5025fce2b5a6a614b2a0ef6bbca8428e82c7c02304b18433de3d175da165f42a
./tests/test_k2b_tilt_admissibility.py	file	0644	6060	2026-07-31T10:52:09Z	-	ce3fa001e20fd3bbb4b3fde55d29a17ec33099a3e55fcd55b1b84cfa924e8933
./tests/test_d1b_mixmaster.py	file	0644	6711	2026-08-02T14:07:51Z	-	381ce5fbf62ad08f0dae40574aff607576faa59b797d54485674bd1b577db382
./tests/test_q18_golden.py	file	0644	2826	2026-08-06T13:35:07Z	-	36830df75d5bf74fc0da9de4b74ed65a632b90e0201363e947dcb9f2e033d960
./tests/test_i1d_coupled_tilted.py	file	0644	9599	2026-08-05T08:19:31Z	-	400c9097dec319e11ffb45319cfdc9f300b691506e5139983571627c18c08f04
./tests/test_k5b_type_v_coupled.py	file	0644	8720	2026-08-01T14:36:28Z	-	6eac23bc719420dc73f9338ebe494b43bf11bb5d334557b381b22e1506e2d21b
./tests/test_q1_group.py	file	0644	4755	2026-08-06T12:43:24Z	-	91c113b802b13cef0065bbac34ce3d1452133e930ee90fb2f0d4dc328e40a266
./tests/test_v15_physics_audit.py	file	0644	2583	2026-08-03T10:57:26Z	-	24b60bfa6c7fc01f38e38a2351592e9eaae57d37be1928bd1f333604e50c7fef
./tests/test_q7b_boosted_collision.py	file	0644	4430	2026-08-06T13:23:54Z	-	8d03c7c402e096911e3785bc31bd289c95e7384b3da01091309d0f5bf6083f8f
./tests/test_m10_nohair_congruence.py	file	0644	7071	2026-07-29T11:29:42Z	-	fac66c5a3ecbc6d30a2c8425defd89cbc58f3cee7ab5bae2d434c284ed4b23bc
./tests/test_k2_tilted_frame.py	file	0644	5884	2026-07-31T10:20:01Z	-	96531a5e03bdc0ea597266ba157655e6db51893ad73ba217ab560ff61df34469
./tests/test_q5b_residual.py	file	0644	5594	2026-08-06T14:15:42Z	-	092185c774906960c17c885194bc7077994fdc1884e02c0c2343c34073670e19
./tests/test_m10_viscous_gauge.py	file	0644	3758	2026-07-29T11:20:12Z	-	78af02e7d1207a735aea35ccf8f0f924b27d209796277de65f9e769ffbe2fd49
./tests/test_q7_collision.py	file	0644	5556	2026-08-06T13:16:42Z	-	aeca9148b172e40f13f1546aebf63eadd6ac7c3facb24105a6a6e63bef0f36b5
./tests/test_q2_characteristics.py	file	0644	7520	2026-08-06T12:52:07Z	-	f09caead3e1a8906fb618933e2dcefe841afb4c73296166ad1394bd138b46e45
./tests/test_v2_collision_oracle.py	file	0644	9706	2026-07-31T13:45:22Z	-	5abdd8a05d7a39276b6baae07c5737555db3a066c6474ea569e6608ea10dd0fd
./tests/test_d1_kasner_bounce.py	file	0644	7476	2026-08-02T06:29:04Z	-	7c8920a7c2f574f7902b27767d739329e3a43fc97bdbfa94761a9171a2e36601
./tests/test_h5c_tilted_mass_matrix.py	file	0644	8705	2026-07-30T12:25:28Z	-	63f9a60dae1e956bc3e3bb24b49819018e8e071e4d037d2efe0d0aba226d54f3
./tests/test_r3_hot_paths.py	file	0644	6104	2026-08-01T19:47:00Z	-	67f8c45f0f240598299f53dfb8f84669a3a931c540ec9a774f5309f98cfcdde9
./tests/test_q6_positivity.py	file	0644	3628	2026-08-06T13:17:55Z	-	6408545fca931fb0d58f578806c7a54f6238d4dc9c115caa74bc04d52909f786
./tests/test_i1c_coupled.py	file	0644	6096	2026-08-05T07:19:08Z	-	25fead0e93c74f2fa717293e2f4752163eba416964cf60a6be1d6de02d3c2b82
./tests/test_v2b_collision_moving.py	file	0644	7141	2026-07-31T16:20:37Z	-	ba1691810c323e689c884048eedb7745c5d094e01cb3aa0cd7ca4d78ce0ed3da
./tests/test_m9_neutrino_de.py	file	0644	2358	2026-07-29T11:10:42Z	-	6bb4026da1d455b08710e32c3c596987adefc86c4096ae434a98fcf7f31a9aab
./tests/test_m4_m7.py	file	0644	14350	2026-07-29T06:52:27Z	-	63149118376a9d76fe57ecbc03adf6a448c3cb76cee499dc32ba674e48bee9cb
./tests/test_i2c_grid_coupled.py	file	0644	4047	2026-08-06T06:24:02Z	-	b77f49e75bb6f3b7da1fbb828616fecf2b85593a9bf503f3b2775a1d288888aa
./tests/test_i1a_characteristics.py	file	0644	5092	2026-08-05T07:12:56Z	-	0550b8ef0bdf69f6a175cd9f3fe18a595553284dfa667d90057c0f8c86882f5b
./tests/test_j1_pstf_coeff.py	file	0644	10339	2026-08-04T07:28:29Z	-	83355d347123f3fa8459175cbf4a92629bb6ac8a5068cc441fc7e545aeb4f036
./tests/test_q8_einstein_grid.py	file	0644	9183	2026-08-06T14:25:20Z	-	7abffbcd2df19f866580038f986a8d169afcf9ebd8f10d64044e9fddc26bf1d7
./tests/test_q11_fast.py	file	0644	6845	2026-08-06T14:44:32Z	-	74583903aaab89e60a84161eed03902734ce0b9e040271846e7db1d2c0b061d4
./tests/test_backend_integration.py	file	0644	10840	2026-07-31T07:11:43Z	-	e9e03c84620e935f5ce53e74eb9a5c3551645c394b83309e9300314ccc019186
./tests/test_i2_mixmaster_matter.py	file	0644	2633	2026-08-05T12:46:40Z	-	952aa673f10dc2ddd104ba4ecf618581eba3bdd740ecb56eaa489780ea0b23ba
./tests/test_d1c_gauss_statistics.py	file	0644	10959	2026-08-03T07:09:19Z	-	62597e6b513017371320cdee79c0d2a7e3d2cfa2b05b6c75801fb1345d4aaeca
./tests/test_r5a_tilted_terms_rust.py	file	0644	5911	2026-08-02T17:08:52Z	-	4c85fead785a21763b85ed06b317419c0286e953009d5a82ea31990cdd305304
./pyproject.toml	file	0644	394	2026-07-28T18:13:26Z	-	dc89505b80c218c335fb29fed6f5e61ac49969880cb9822c7cb15dc221b49204
./DERIVATION-REPORT-v2.md	file	0644	10634	2026-07-29T06:46:01Z	-	172adee3d58dc3386a8d9f6e70946df990606dff5ec5780e4c4ea4fd2bce8795
./PLAN-NEXT-v5.md	file	0644	14341	2026-08-03T16:11:33Z	-	7211d323dff99361a413ec65692f61d5a4863820467fa6b33087b15ead6d3cfe
./phenomena-dag.png	file	0644	159536	2026-07-29T03:09:01Z	-	cedbe44359887c3b6489c97d462be73e4a4bf2918eca2eecf27c24440f3c4af9
./PLAN-Q-nonperturbative-backend.md	file	0644	60116	2026-08-06T14:17:40Z	-	837bffc1fd2738b12136799f622635c060dbc6e8bec6255b54742b8062fa4b02
./DERIVATION-DAG.md	file	0644	5174	2026-07-29T03:26:23Z	-	c506e556e71635640cf0ff491bbc13acd415c9cbb2e7edbd2cb8d900d43e6942
./docs	directory	0755	0	2026-08-08T09:00:46Z	-	-
./docs/Q-ERROR-BUDGET.md	file	0644	1267	2026-08-06T17:26:02Z	-	d3deae26f850ab47656e52059b81e14fa02d1d7eb45b3c8848f9d304c6848408
./docs/COVERAGE-11TYPES.md	file	0644	3066	2026-08-08T09:00:46Z	-	b599bfe8f4fd0949918c749b7795630d09248441f0e5b13eab9e6f61d2b9790d
./docs/B2B-INTEGRATION-SPEC.md	file	0644	4111	2026-08-06T06:23:27Z	-	d7cba24806b3ebf60348d75bdab25cdf599c3f8587f0b98c9c12e4ea9e20634c
./docs/P-DERIVATION.md	file	0644	8113	2026-08-08T06:06:26Z	-	a25e1f897a71efbba02f3d971dd36fcff8c20f3b3abfb36c9cb06401681fd91d
./docs/REVIEW-RESPONSE-87.md	file	0644	11058	2026-08-08T09:00:46Z	-	174c09253d0c6c0819ce668ccc46a06afebe65a592c616358156c742a21b2fcc
./docs/Q-CONTRACT.md	file	0644	9605	2026-08-08T09:13:09Z	-	888d96ebf8efd8953bf543a652b52a54850bca0b52d3f2ee674d73e0752945af
./PHENOMENA-PLAN.md	file	0644	22539	2026-07-29T03:07:31Z	-	39c79e5d416acdde19c178aa14ad33c21103dca49ef26b2ecd5bb3008c05e2ba
./.pytest_cache	directory	0755	0	2026-08-04T09:56:04Z	-	-
./.pytest_cache/CACHEDIR.TAG	file	0644	191	2026-08-04T09:56:04Z	-	37dc88ef9a0abeddbe81053a6dd8fdfb13afb613045ea1eb4a5c815a74a3bde4
./.pytest_cache/README.md	file	0644	302	2026-08-04T09:56:04Z	-	73fd6fccdd802c419a6b2d983d6c3173b7da97558ac4b589edec2dfe443db9ad
./.pytest_cache/.gitignore	file	0644	37	2026-08-04T09:56:04Z	-	3ed731b65d06150c138e2dadb0be0697550888a6b47eb8c45ecc9adba8b8e9bd
./.pytest_cache/v	directory	0755	0	2026-08-04T09:56:04Z	-	-
./.pytest_cache/v/cache	directory	0755	0	2026-08-04T09:56:04Z	-	-
./.pytest_cache/v/cache/lastfailed	file	0644	847	2026-08-08T09:44:06Z	-	5202d6da56762d6212c35737509b894d7f492728b519261074f5f63e8f848bbf
./.pytest_cache/v/cache/nodeids	file	0644	132922	2026-08-08T09:47:49Z	-	bd1b68f903b7e1a6b3f3cdf9bfdad44f323ea98a2dbba01576b1982ac9a02599
./_rustcore	directory	0755	0	2026-08-08T09:03:28Z	-	-
./_rustcore/src	directory	0755	0	2026-08-06T12:36:56Z	-	-
./_rustcore/src/rays	directory	0755	0	2026-07-29T16:30:13Z	-	-
./_rustcore/src/rays/tidal.rs	file	0644	3278	2026-07-29T16:30:13Z	-	7f6528b3dffe77a0f5d46b75ed8ccda60b75684b2df62e9507d8ec2183b9daca
./_rustcore/src/rays/optical.rs	file	0644	10237	2026-07-29T15:20:17Z	-	04e7fbf6d03f15a1c685e7f9b4d7ed66bcb56243af4a775cc2d85b9db9afb1b8
./_rustcore/src/rays/geodesic.rs	file	0644	4161	2026-07-29T14:23:19Z	-	0def5dc1c04cade83207db1d807b6596b926046feb60ad0a152c1f5008678333
./_rustcore/src/rays/mod.rs	file	0644	71	2026-07-29T16:30:19Z	-	5894bfe49d716419ce89bb0278d9aec2105eb07465bab788c1e2079a1ef74616
./_rustcore/src/rays/riemann_gen.rs	file	0644	11255	2026-07-29T16:32:11Z	-	801fa7f5078734302e331897a16cd12e1a4bf16bfd73fb66f1a40c81387600b7
./_rustcore/src/kinetic	directory	0755	0	2026-08-08T04:28:11Z	-	-
./_rustcore/src/kinetic/radial.rs	file	0644	8079	2026-08-06T12:57:47Z	-	189a24aff58d304d0cd7125cc012b67805362aca3fec3abdbf0cd03fdd2844a2
./_rustcore/src/kinetic/pol_collide.rs	file	0644	9704	2026-08-08T06:30:58Z	-	c6cb5099b139a4f04a5693d1f07ae8bffd90acc9b5ffd32579532a2dce5fe202
./_rustcore/src/kinetic/tilted_terms.rs	file	0644	8488	2026-08-02T16:34:18Z	-	b8bcd9de95dcce46f8e191cb87d2314d00abc82ff88639769c08d5ae78a2b89e
./_rustcore/src/kinetic/pstf.rs	file	0644	5055	2026-07-31T01:31:19Z	-	212fca3091a1d444ea94ff2c6890f94a7ed9b502039d24dea30355549991f2cd
./_rustcore/src/kinetic/comoving.rs	file	0644	13188	2026-08-06T13:17:16Z	-	9ce28d662b4fa2b0a7acef1d8036ac919d4ca589a66201df9cc6e5752d9bb29d
./_rustcore/src/kinetic/tilted_hier.rs	file	0644	28692	2026-08-02T18:15:44Z	-	720b2f59f564aec928ab3bf8730988e28d50bc9c31dd138560014ef0b1199de6
./_rustcore/src/kinetic/qevolve.rs	file	0644	34408	2026-08-08T05:49:01Z	-	62b4761752aab7afb9b35f205f104edb3a5d290406fb61060549c72897517150
./_rustcore/src/kinetic/typev.rs	file	0644	19058	2026-08-01T18:03:18Z	-	3daf6ba7644efd99a6a2a6f00a623f1a0802947569df43f7ce79918907fbe94e
./_rustcore/src/kinetic/collide_exact.rs	file	0644	7632	2026-08-08T04:32:54Z	-	dffdedb6c400c55219d4944d96d5bb1a0891c61ab746de5744f4901565fc7ec8
./_rustcore/src/kinetic/hierarchy.rs	file	0644	10636	2026-07-31T01:31:19Z	-	e803a01a408848aae1c109ef98ff26bd551dd0c631f8cfa0034e290920de4af5
./_rustcore/src/kinetic/viscous.rs	file	0644	10881	2026-07-30T07:09:32Z	-	ce8bb5bb3ef8c00438c5e0971b4e4f779657551af700a02cb26ee709d9fdb7a9
./_rustcore/src/kinetic/coeff_hier.rs	file	0644	14679	2026-08-05T10:04:12Z	-	aee132052cfbe075a4c2212de170bd22ee9bdc465a8ebd64eda58c1e965e82a1
./_rustcore/src/kinetic/sphere.rs	file	0644	12123	2026-08-06T12:54:10Z	-	85e01c42c655a0f6cf4fda13e0a66de13dd725afb3d653f05f634b819db5b89f
./_rustcore/src/kinetic/pstf_gen.rs	file	0644	88396	2026-07-31T01:28:39Z	-	1434e892b98916e7191298d560b51bccba4c379705f627b8f601366abde52f33
./_rustcore/src/kinetic/grid_collide.rs	file	0644	5342	2026-08-05T14:26:32Z	-	3acaeb710861072b09586174d3ab1a9cb818cb3694707780898abfcd1eba504f
./_rustcore/src/kinetic/quad.rs	file	0644	16125	2026-07-31T01:22:10Z	-	f4a999f19ce4e9592adacee8343490473e13fdfb73fa54ee7e66df78c78540e6
./_rustcore/src/kinetic/mod.rs	file	0644	1005	2026-08-07T18:52:02Z	-	b3cfc40d044bb1e8a50f9a189b7776ab580a591b19e2148914485b5f01c78c18
./_rustcore/src/kinetic/collision.rs	file	0644	14582	2026-07-30T07:08:34Z	-	313e392f4d5724db7ffdf97d887c6838ac6afbbf35da3a818468dc9e843c02e9
./_rustcore/src/kinetic/characteristics.rs	file	0644	9012	2026-08-06T12:48:32Z	-	7a149f81a8223e4741409435ad7aeee6e7b169d712eae8abfccfc1cc51aef6e2
./_rustcore/src/kinetic/coupled.rs	file	0644	12320	2026-08-05T15:34:43Z	-	b8904d122d89cda7de3c336e6bba0e94aef5a680574bd7b2711fe5b0094dcda3
./_rustcore/src/kinetic/transport.rs	file	0644	14684	2026-08-06T14:08:18Z	-	b30b77fd1cf61647bc581281489d106c855372f8b08eaf8440180fed6a648efc
./_rustcore/src/kinetic/coeff_tables.rs	file	0644	393718	2026-08-04T15:25:31Z	-	ca98910304d02e0042a23f66b5fc2bbdf084d1a88751c11296500a5b088271cc
./_rustcore/src/ode	directory	0755	0	2026-08-03T23:53:01Z	-	-
./_rustcore/src/ode/mixmaster.rs	file	0644	17680	2026-08-03T09:57:03Z	-	3d029132081bcab300f54bbd2d0ed46b704e7a1d8d2a716f0035c0d276d45057
./_rustcore/src/ode/mod.rs	file	0644	50	2026-08-02T14:45:53Z	-	fe9cd6755174a49cecf427267e67183044a653e7749ebe9bf6befe8c1362f1f3
./_rustcore/src/ode/charts.rs	file	0644	22947	2026-08-03T23:51:58Z	-	0f3df4963b7c2a43684472342e44b3da6666878cbee6d4c606445e83063a8bb0
./_rustcore/src/ode/solve.rs	file	0644	17055	2026-08-03T23:53:01Z	-	a077946e7a614af7558f6be12aaa9a5cdb6fccaf496f18cdc35cb4fdfef04cff
./_rustcore/src/thermo	directory	0755	0	2026-07-29T17:04:33Z	-	-
./_rustcore/src/thermo/fd.rs	file	0644	5096	2026-07-30T03:32:20Z	-	0981f330264bb895a39e75a98c19f0dee2ea5f9e01d8a52c673cf748d2af2c84
./_rustcore/src/thermo/dof.rs	file	0644	1875	2026-07-29T17:01:37Z	-	768a459ca1f0226dec0cf7d9540f887a674c69094378bccf5b877264498f55b8
./_rustcore/src/thermo/mod.rs	file	0644	526	2026-07-29T17:00:56Z	-	3f55fdc5921bb82fe22c21f75219f5c8356bf384d617812e698db2d46a197c83
./_rustcore/src/thermo/dof_table.rs	file	0644	1613	2026-07-29T17:00:47Z	-	0f22f8401963283c171165224851caf0e40205a624f6c27c0afdedd8291822fd
./_rustcore/src/lib.rs	file	0644	99350	2026-08-08T06:30:58Z	-	5b64e768080ac7441389011ca792cf84c472dc0a660c7276bb1e2654cf6c056c
./_rustcore/src/core	directory	0755	0	2026-07-29T14:34:55Z	-	-
./_rustcore/src/core/mod.rs	file	0644	21	2026-07-29T14:22:53Z	-	a33e71dc52c7312a85cfa0f1cf0a372535d1ea57f0e6a09dbefe76f993208874
./_rustcore/src/core/conventions.rs	file	0644	2280	2026-07-29T14:34:55Z	-	3629432f96e0167546aaf16f68f0a9d5ada90b655c55cea8ca0835c13ff6b067
./_rustcore/src/geom	directory	0755	0	2026-08-06T12:36:56Z	-	-
./_rustcore/src/geom/group.rs	file	0644	10603	2026-08-06T12:39:06Z	-	50f84004e2cf8dfe771735cb9e1178d8423035178d15ef22d828dee85fa6954c
./_rustcore/src/geom/mod.rs	file	0644	101	2026-08-06T12:36:56Z	-	552648bc69779f95693135c6f6d7bd28c89b2da16f357cbdc03b49b8cc2abc70
./_rustcore/Cargo.toml	file	0644	1103	2026-07-29T15:36:33Z	-	2fab4cf339ba31cfacd7d01c19b1849e6c1017cb1c7d047000ff8a75530e5fa8
./_rustcore/README.md	file	0644	7160	2026-07-29T16:02:47Z	-	9047a9bad7d14a27c44c144763a52423e48274f9bae82d59d29a9bd7fc8d61e0
./_rustcore/PR-STATUS.md	file	0644	6148	2026-08-06T16:55:35Z	-	49652e886e3f6e42b262bf298a974a771ba4d9b06cefd8c1ce68bd1c7c6c9a5d
./_rustcore/.ruff_cache	directory	0755	0	2026-08-03T22:06:48Z	-	-
./_rustcore/.ruff_cache/CACHEDIR.TAG	file	0644	43	2026-08-03T22:06:48Z	-	5953156d7e0c564a427251316eaf26f8870e6483ae2197f916b630e4f93e31ae
./_rustcore/.ruff_cache/0.15.11	directory	0755	0	2026-08-03T22:06:48Z	-	-
./_rustcore/.ruff_cache/.gitignore	file	0644	35	2026-08-03T22:06:48Z	-	9e3a60f1e6ec4ae60215c11d54b171392745ec25e9dded433d5bd921363af316
./_rustcore/Cargo.lock	file	0644	42527	2026-07-29T15:36:35Z	-	d500208e9353ade1cb74693918598846628219e6e7bd2e2bce9ec85e29eb6310
./_rustcore/pyproject.toml	file	0644	621	2026-07-29T14:34:46Z	-	52a3e4952501afd4e585c7107162ca220d7bc4d8d9d5153201fb14a4812b92d4
./PLAN-H5-tilted.md	file	0644	18506	2026-07-31T07:00:27Z	-	91c5ed187e7b41e9617af6ea02c6ab9430b7036f79d07d6e31eb0a032de57f39
