source_path,git_blob_sha1,source_role,semantic_disposition,relation_ids,shared_owner_occurrence,shared_owner_gap_effect,evidence_scope
"src/rei_bianchi/absorption_decomposition.py","5f797469eaa67847fa3c5f3701a5b8416a55d98e","SIGNED_OPACITY_COMPONENT_DECOMPOSITION","CLASSIFIED_REI_OWNED_DIAGNOSTIC_EXTENSION","REI.REL.SIGNED_OPACITY_DECOMPOSITION.001","NONE","NO_NEW_SHARED_FORMULA","FULL_FILE_PREVIOUS_02C_ADJUDICATION"
"src/rei_bianchi/b2b_physical_model.py","b3cc5e45988687b76d5be04c6335009b4c9bd17f","FLRW_CONTROL_HHE_PHOTON_GROUP_HISTORY","CLASSIFIED_REI_ADAPTER_AND_BASELINE_CONTROL","REI.REL.FLRW_HUBBLE_CONTROL.001;REI.REL.GROUP_REDSHIFT_FLOW.001","BASS.PHOTON.DIRECTION_FLOW.001;BASS.PHOTON.ENERGY_DRIFT.001","RETAINS_EXISTING_TWO_PHOTON_IMPORTS_NO_NEW_ID","FULL_FILE_PREVIOUS_02C_ADJUDICATION"
"src/rei_bianchi/bass_integration_substrate.py","3c0f68cb0e40e3826a3d80dfce2fcdd5065fd826","BASS_REC_EXACT_PIN_CUSTODY_AND_REFERENCE_GRAPH","CLASSIFIED_NONFORMULA_CUSTODY_INTERFACE_WITH_SPLIT_IMPORTS","REI.REL.BASS_AUTHORITY_PIN.001;REI.REL.REC_AUTHORITY_PIN.001;REI.REL.BASS_NUMERICAL_BACKGROUND_LOCK.001","BASS.BACKGROUND.PROVIDER;REC.PROVIDER.EXACT_PIN","ARTIFACT_CONTRACT_ONLY_NOT_FRAME_PHOTON_FORMULA","FULL_FILE_PREVIOUS_02C_ADJUDICATION"
"src/rei_bianchi/certificate_graph.py","afe9c5afc6b2d2b75283f50e4223c371b90746d0","REFERENCE_ONLY_CERTIFICATE_GRAPH","EXCLUDED_NONFORMULA_REFERENCE_PROTOCOL","NONE","NONE","NO_NEW_SHARED_FORMULA_REFERENCE_BYTES_ONLY","FULL_BLOB_REVIEWED_R3"
"src/rei_bianchi/gamma_conditioned_reconciliation.py","1328e49baa0f4bb5d4e1d5a5ca0940c10e8852d5","GAMMA_CONDITIONED_OPACITY_RECONCILIATION","EXCLUDED_REI_OWNED_NUMERICAL_OPACITY_RECONCILIATION","NONE","NONE","NO_NEW_SHARED_FORMULA_REUSES_REI_LOCAL_OPACITY_MODULES","MODULE_SCOPE_AND_IMPORT_PATH_REVIEWED_R3"
"src/rei_bianchi/global_moment_constrained_macro_sink.py","389753d94a291fffbfb2b09092029d61afb3ea19","GLOBAL_MOMENT_CONSTRAINED_MACRO_SINK_ALLOCATION","EXCLUDED_REI_OWNED_CONVEX_SINK_ALLOCATION","NONE","NONE","NO_NEW_SHARED_FORMULA_FIXED_REI_MOMENT_ALLOCATION","MODULE_SCOPE_AND_OPERATOR_CONTRACT_REVIEWED_R3"
"src/rei_bianchi/hi_transmission_kernel_b2c1a.py","7ec9bd5548db4c024c075b70d0affc81eccfe0d7","H_ONLY_TRANSMISSION_AND_TOPOLOGY_AUDITOR","EXCLUDED_REI_H_ONLY_TRANSMISSION_TOPOLOGY_AUDITOR","NONE","NONE","NO_NEW_SHARED_FORMULA_EXPLICITLY_NO_BIANCHI_GEOMETRY","MODULE_SCOPE_AND_IMPORT_PATH_REVIEWED_R3"
"src/rei_bianchi/hierarchical_two_scale_closure.py","ecb55acd39aba9d609f2eb704ef282018d6666b2","HIERARCHICAL_TWO_SCALE_OPACITY_CHEMISTRY_CLOSURE","EXCLUDED_REI_OWNED_HIERARCHICAL_CLOSURE","NONE","NONE","NO_NEW_SHARED_FORMULA_EXPLICITLY_NO_BIANCHI_COUPLING_OR_REC_IMPLEMENTATION","MODULE_SCOPE_AND_IMPORT_PATH_REVIEWED_R3"
"src/rei_bianchi/joint_implicit_remainder.py","cdd24e2e17897bf2bfe102814b123668d884c456","JOINT_IMPLICIT_REMAINDER_CERTIFICATE_RECORDS","EXCLUDED_NONFORMULA_CERTIFICATE_SERIALIZATION","NONE","NONE","NO_NEW_SHARED_FORMULA_NO_INTERVAL_ARITHMETIC_OR_LINEAR_SOLVE","MODULE_SCOPE_AND_SCHEMA_REVIEWED_R3"
"src/rei_bianchi/joint_sink_reservoir_history.py","604697415f4de9363951653165f90273f297e0b0","JOINT_DIFFUSE_CHEMISTRY_SINK_RESERVOIR_HISTORY","EXCLUDED_REI_OWNED_DIFFUSE_SINK_HISTORY","NONE","REI.REL.FLRW_HUBBLE_CONTROL.001","NO_NEW_SHARED_FORMULA_REUSES_REI_CONTROL_HUBBLE","MODULE_SCOPE_AND_IMPORT_PATH_REVIEWED_R3"
"src/rei_bianchi/matched_history_feasibility_gate.py","3d80474e7ba1ecba4f102c5dd85b6efa2bfb0ec3","ABSORPTION_CHEMISTRY_CAPACITY_GATE","CLASSIFIED_REI_OWNED_FEASIBILITY_GATE","REI.REL.ABSORPTION_CHEMISTRY_CAPACITY_GATE.001","NONE","NO_NEW_SHARED_FORMULA","FULL_FILE_PREVIOUS_02C_ADJUDICATION"
"src/rei_bianchi/monolithic_model_b2a.py","3d806e1c1d3bb523bb3c339d1a141f67d7f10069","MONOLITHIC_HHE_OTS_THERMOCHEMISTRY","CLASSIFIED_REI_OWNED_THERMOCHEMISTRY_EXTENSION","REI.REL.ELECTRON_DENSITY.001","NONE","NO_NEW_SHARED_FORMULA","FULL_FILE_PREVIOUS_02C_ADJUDICATION"
"src/rei_bianchi/multigroup_hhe_transmission.py","5b74a4036c8cb21a2cb772dd3d373c5f96d5a36c","FINITE_TAU_HHE_GROUP_TRANSMISSION_AND_SPECIES_ALLOCATION","CLASSIFIED_REI_OWNED_RADIATIVE_TRANSFER_CLOSURE","REI.REL.FINITE_TAU_TRANSMISSION.001;REI.REL.SPECIES_ABSORPTION_ALLOCATION.001","NONE","NO_NEW_SHARED_FORMULA","FULL_FILE_PREVIOUS_02C_ADJUDICATION"
"src/rei_bianchi/node_lift_operator.py","6f5c13f02d0e549e581a02d3c4d8b8313b209bbf","CONVEX_FIXED_NODE_PROJECTION_PRIMITIVES","EXCLUDED_REI_OWNED_NUMERICAL_PROJECTION","NONE","NONE","NO_NEW_SHARED_FORMULA_PRESERVES_EXTERNALLY_LOCKED_TOTALS","MODULE_SCOPE_AND_OPERATOR_CONTRACT_REVIEWED_R3"
"src/rei_bianchi/node_resolved_joint_history.py","69e671769d70804be6f7debc4b9ba1f11519bbfc","NODE_RESOLVED_DIFFUSE_SINK_REIONIZATION_HISTORY","EXCLUDED_REI_OWNED_NUMERICAL_HISTORY_WITH_FIXED_TRANSPORT_CONTROL","NONE","REI.REL.FLRW_HUBBLE_CONTROL.001","NO_NEW_SHARED_FORMULA_EXPLICITLY_NO_BIANCHI_FEEDBACK","MODULE_SCOPE_AND_IMPORT_PATH_REVIEWED_R3"
"src/rei_bianchi/phase_space_kernel_b2c0.py","026a22b1843ab3a3336b210317727e216202fc75","PHASE_SPACE_MAINTENANCE_CLOSURE_AUDITOR","CLASSIFIED_REI_OWNED_NUMERICAL_CLOSURE_AUDITOR","NONE","NONE","NO_NEW_SHARED_FORMULA","FULL_FILE_PREVIOUS_02C_ADJUDICATION"
"src/rei_bianchi/primary_exact_zero_model.py","ea2a10a60114622fd1215b692be3dd0d04ef0c6d","EXACT_ZERO_G3_PRIMARY_STATE_TRANSFORM","CLASSIFIED_REI_STATE_PARAMETERIZATION_AND_EXPANSION_ADAPTER","REI.REL.EXPANSION_WORK.001;REI.REL.ION_FRACTION_SIMPLEX.001","BASS.BACKGROUND.PROVIDER","ARTIFACT_DEPENDENCY_ONLY_NO_NEW_FRAME_PHOTON_FORMULA","FULL_FILE_PREVIOUS_02C_ADJUDICATION"
"src/rei_bianchi/reiaff1.py","80a7627baf5981375de10ae55d862b09b0071432","STRICT_RESTART_OWNER_CERTIFICATE_CODEC","EXCLUDED_NONFORMULA_RESTART_PROTOCOL","NONE","NONE","NO_NEW_SHARED_FORMULA_SERIALIZATION_AND_GRAPH_VALIDATION_ONLY","FULL_FILE_PREVIOUS_02C_ADJUDICATION"
"src/rei_bianchi/run_first_interval_refinement.py","5d39fef633662178a71685dac90e4ffe9a0a788d","FIRST_INTERVAL_REFINEMENT_CLI_RUNNER","EXCLUDED_RUNNER_ONLY_NO_NEW_FORMULA_AUTHORITY","NONE","NONE","NO_NEW_SHARED_FORMULA_DELEGATES_TO_NODE_HISTORY","FULL_FILE_REVIEWED_R3"
"src/rei_bianchi/run_node_lift.py","83abebd1a4f7e7a6f5fba83d4a20e1b23063fa02","FIXED_NODE_MOMENT_LIFT_STAGE_RUNNER","EXCLUDED_REI_NUMERICAL_RUNNER_AND_LOCAL_ADAPTER","NONE","NONE","NO_NEW_SHARED_FORMULA_REUSES_REI_LOCAL_RATE_FIT","MODULE_AND_OPERATOR_PATH_REVIEWED_R3"
"src/rei_bianchi/run_primary_diagnostics.py","1c295b27d692618fffef442182d1595feac56d7d","PRIMARY_DIAGNOSTIC_CLI_RUNNER","EXCLUDED_RUNNER_ONLY_NO_NEW_FORMULA_AUTHORITY","NONE","NONE","NO_NEW_SHARED_FORMULA_DELEGATES_TO_NODE_HISTORY","FULL_FILE_REVIEWED_R3"
"src/rei_bianchi/source_bound_mprk_sdirk_operator.py","fba94e59d20d640237290911abd774ede3fe5360","TYPED_ABSENCE_FOR_SOURCE_BOUND_RUST_FOUR_SITE_ABI","EXCLUDED_TYPED_ABSENCE_INTERFACE","NONE","NONE","NO_NEW_SHARED_FORMULA_INTENTIONALLY_NONCONSTRUCTIBLE","FULL_FILE_REVIEWED_R3"
